,date,rainfall,groundwater_level,temperature,drainage_volume,river_level
2199,09/01/2015,0.0,21.23,8.9,28386.72,2.8
2200,10/01/2015,0.0,21.16,7.8,28502.496,2.8
2201,11/01/2015,0.0,21.06,11.9,26857.44,2.8
2202,12/01/2015,0.0,21.22,5.6,26936.064,2.8
2203,13/01/2015,0.0,21.21,3.1,27795.744,2.8
2204,14/01/2015,0.0,21.14,6.5,27082.944,2.8
2205,15/01/2015,0.0,21.13,7.3,27123.552,2.7
2206,16/01/2015,0.0,21.11,6.9,27375.84,2.8
2207,17/01/2015,0.0,21.08,12.1,28178.496,2.8
2208,18/01/2015,0.0,21.09,8.6,27183.168,2.7
2209,19/01/2015,0.0,21.09,3.9,26663.904,2.7
2210,20/01/2015,2.1,21.02,6.6,24492.672,2.8
2211,21/01/2015,3.1,21.04,7.9,25954.56,2.7
2212,22/01/2015,4.7,21.05,8.2,26753.76,2.8
2213,23/01/2015,0.2,21.04,9.3,28179.36,2.8
2214,24/01/2015,0.0,21.1,8.2,27565.056,3.0
2215,25/01/2015,0.0,21.13,6.4,27349.056,3.0
2216,26/01/2015,0.0,21.18,4.9,26827.2,3.0
2217,27/01/2015,0.0,21.17,2.8,26647.488,3.0
2218,28/01/2015,0.0,21.15,3.0,26075.52,2.9
2219,29/01/2015,1.9,21.08,2.0,24355.296,2.9
2220,30/01/2015,16.3,20.88,6.8,25964.928,2.9
2221,31/01/2015,3.5,21.02,5.2,27420.768,3.6
2222,01/02/2015,5.5,21.09,3.1,26764.128,3.1
2223,02/02/2015,0.0,21.16,1.0,25234.848,3.1
2224,03/02/2015,1.2,21.1,3.4,24395.904,3.0
2225,04/02/2015,8.4,21.04,5.9,24389.856,3.2
2226,05/02/2015,21.4,21.0,6.1,24301.728,3.5
2227,06/02/2015,9.2,21.04,5.8,27349.056,3.7
2228,07/02/2015,0.0,21.23,5.5,28607.04,3.7
2229,08/02/2015,0.5,21.15,2.7,27031.104,3.5
2230,09/02/2015,0.0,21.23,3.0,26802.144,3.3
2231,10/02/2015,0.0,21.18,6.8,26698.464,3.2
2232,11/02/2015,0.0,21.14,8.8,25692.768,3.1
2233,12/02/2015,0.0,21.12,6.2,25467.264,3.1
2234,13/02/2015,0.0,21.09,5.8,24534.144,3.1
2235,14/02/2015,1.7,21.06,7.7,26263.008,3.0
2236,15/02/2015,0.0,21.0,6.5,24865.92,3.0
2237,16/02/2015,0.0,21.01,8.8,25602.048,3.0
2238,17/02/2015,0.0,21.09,9.4,27070.848,3.0
2239,18/02/2015,0.0,21.17,7.8,26960.256,3.0
2240,19/02/2015,0.0,21.16,5.3,28061.856,2.9
2241,20/02/2015,0.0,21.09,5.2,26373.6,2.9
2242,21/02/2015,1.8,20.99,7.8,27526.176,2.9
2243,22/02/2015,2.8,20.87,8.6,25089.696,2.9
2244,23/02/2015,0.1,20.91,9.9,25121.664,2.9
2245,24/02/2015,1.9,20.86,10.7,25072.416,2.9
2246,25/02/2015,0.0,20.92,9.2,24996.384,3.3
2247,26/02/2015,0.0,20.97,9.5,24826.176,3.4
2248,27/02/2015,0.0,20.92,8.6,25925.184,3.1
2249,28/02/2015,0.0,20.99,8.0,27867.456,3.0
2250,01/03/2015,0.0,20.95,7.8,24647.328,3.0
2251,02/03/2015,0.7,20.89,11.2,23424.768,3.0
2252,03/03/2015,0.0,20.84,13.8,23256.288,3.0
2253,04/03/2015,12.0,20.89,9.7,24155.712,3.0
2254,05/03/2015,15.6,20.82,5.3,22929.696,3.4
2255,06/03/2015,6.1,20.9,5.7,24036.48,3.8
2256,07/03/2015,0.0,20.92,7.2,25748.928,3.5
2257,08/03/2015,0.0,20.83,8.2,24045.984,3.3
2258,09/03/2015,0.0,20.81,8.4,23755.68,3.2
2259,10/03/2015,0.0,20.85,6.8,24982.56,3.1
2260,11/03/2015,0.0,20.84,8.4,25937.28,3.1
2261,12/03/2015,0.0,20.8,8.4,24983.424,3.1
2262,13/03/2015,0.0,20.75,8.0,24489.216,3.0
2263,14/03/2015,0.0,20.79,7.8,25852.608,3.0
2264,15/03/2015,10.1,20.75,8.1,22940.928,3.0
2265,16/03/2015,15.9,20.75,8.9,23370.336,3.1
2266,17/03/2015,3.7,20.78,11.5,23728.032,3.3
2267,18/03/2015,0.0,20.84,11.6,26795.232,3.2
2268,19/03/2015,0.0,20.84,10.1,24663.744,3.1
2269,20/03/2015,0.0,20.84,10.0,21949.056,3.1
2270,21/03/2015,0.0,20.8,9.2,25881.12,3.0
2271,22/03/2015,0.5,20.74,9.0,23792.832,3.0
2272,23/03/2015,0.0,20.71,13.8,24558.336,3.0
2273,24/03/2015,0.0,20.71,13.9,25422.336,2.9
2274,25/03/2015,21.6,20.54,12.6,22304.16,3.0
2275,26/03/2015,1.6,20.68,14.9,27416.448,3.5
2276,27/03/2015,5.6,20.77,10.7,27026.784,3.5
2277,28/03/2015,0.0,20.78,11.8,26843.616,3.4
2278,29/03/2015,0.0,20.73,11.6,26312.256,3.2
2279,30/03/2015,0.0,20.67,14.5,24852.96,3.1
2280,31/03/2015,0.0,20.67,14.8,26127.36,3.1
2281,01/04/2015,0.0,20.7,15.6,27446.688,3.1
2282,02/04/2015,0.0,20.66,12.2,24678.432,3.0
2283,03/04/2015,0.0,20.73,10.9,27033.696,3.0
2284,04/04/2015,3.0,20.65,10.6,27043.2,3.0
2285,05/04/2015,0.3,20.57,8.6,22579.776,3.1
2286,06/04/2015,0.0,20.56,7.9,21386.592,3.0
2287,07/04/2015,0.6,20.67,6.2,25584.768,3.0
2288,08/04/2015,0.0,20.62,9.1,24858.144,2.9
2289,09/04/2015,0.0,20.64,11.4,25801.632,2.9
2290,10/04/2015,0.0,20.62,12.8,27568.512,2.9
2291,11/04/2015,0.0,20.64,11.9,27863.136,2.9
2292,12/04/2015,0.0,20.58,14.1,26667.36,2.9
2293,13/04/2015,0.0,20.58,15.3,28042.848,2.8
2294,14/04/2015,0.0,20.57,16.4,27676.512,2.8
2295,15/04/2015,0.0,20.56,17.0,27789.696,2.8
2296,16/04/2015,0.0,20.58,17.1,28295.136,2.8
2297,17/04/2015,0.3,20.54,14.7,26863.488,2.8
2298,18/04/2015,0.0,20.45,14.7,26576.64,2.8
2299,19/04/2015,0.2,20.52,13.2,27557.28,2.8
2300,20/04/2015,0.0,20.48,13.3,25734.24,2.8
2301,21/04/2015,0.0,20.58,15.7,29480.544,2.8
2302,22/04/2015,0.0,20.61,16.0,29047.68,2.7
2303,23/04/2015,0.0,20.51,15.8,28069.632,2.7
2304,24/04/2015,0.0,20.39,16.9,28075.68,2.7
2305,25/04/2015,0.0,20.41,16.8,29100.384,0.0
2306,26/04/2015,0.0,20.35,17.1,27154.656,0.0
2307,27/04/2015,2.7,20.26,15.6,24995.52,0.0
2308,28/04/2015,10.2,20.23,12.7,25657.344,0.0
2309,29/04/2015,0.4,20.28,15.8,26785.728,0.0
2310,30/04/2015,0.6,20.28,15.6,26477.28,0.0
2311,01/05/2015,0.0,20.23,15.7,27179.712,0.0
2312,02/05/2015,0.4,20.17,18.8,25064.64,0.0
2313,03/05/2015,0.0,20.2,19.4,27105.408,0.0
2314,04/05/2015,0.0,20.23,21.5,28057.536,0.0
2315,05/05/2015,0.0,20.24,23.2,29104.704,0.0
2316,06/05/2015,0.0,20.26,22.2,29703.456,0.0
2317,07/05/2015,0.0,20.26,21.3,29380.32,0.0
2318,08/05/2015,0.0,20.31,19.9,30075.84,0.0
2319,09/05/2015,0.0,20.33,20.2,30513.888,0.0
2320,10/05/2015,0.0,20.37,21.3,31071.168,0.0
2321,11/05/2015,0.0,20.37,20.3,29198.016,0.0
2322,12/05/2015,0.0,20.38,21.3,30258.144,0.0
2323,13/05/2015,0.0,20.4,21.1,31345.92,0.0
2324,14/05/2015,0.0,20.33,20.6,30297.888,0.0
2325,15/05/2015,0.0,20.33,21.5,31325.184,0.0
2326,16/05/2015,0.0,20.4,17.7,30407.616,0.0
2327,17/05/2015,0.0,20.36,22.8,29692.224,0.0
2328,18/05/2015,0.0,20.38,22.8,31958.496,0.0
2329,19/05/2015,0.0,20.44,23.0,33829.92,0.0
2330,20/05/2015,0.0,20.45,20.9,30045.6,0.0
2331,21/05/2015,0.0,20.44,18.1,29742.336,0.0
2332,22/05/2015,52.0,20.39,11.1,26298.432,0.0
2333,23/05/2015,10.4,20.36,13.1,27857.952,0.0
2334,24/05/2015,0.6,20.33,15.1,25519.968,0.0
2335,25/05/2015,0.0,20.3,16.5,25574.4,0.0
2336,26/05/2015,8.7,20.34,16.8,23598.432,0.0
2337,27/05/2015,0.0,20.36,16.3,23870.592,0.0
2338,28/05/2015,0.0,20.39,17.3,24709.536,0.0
2339,29/05/2015,0.0,20.4,19.6,25536.384,0.0
2340,30/05/2015,0.0,20.38,20.4,24415.776,0.0
2341,31/05/2015,0.0,20.35,21.3,21479.904,0.0
2342,01/06/2015,0.0,20.37,22.2,23970.816,0.0
2343,02/06/2015,0.0,20.4,23.5,24921.216,0.0
2344,03/06/2015,0.0,20.47,24.2,26434.944,0.0
2345,04/06/2015,0.0,20.55,24.6,27652.32,0.0
2346,05/06/2015,0.0,20.53,25.8,27306.72,0.0
2347,06/06/2015,0.0,20.58,25.6,27508.896,0.0
2348,07/06/2015,0.0,20.62,24.7,27693.792,0.0
2349,08/06/2015,0.0,20.6,22.4,26258.688,0.0
2350,09/06/2015,5.2,20.6,21.4,24595.488,0.0
2351,10/06/2015,0.0,20.61,22.9,25284.96,0.0
2352,11/06/2015,0.0,20.49,23.9,26231.04,0.0
2353,12/06/2015,0.0,20.49,24.2,25068.096,0.0
2354,13/06/2015,0.0,20.51,24.8,26728.704,0.0
2355,14/06/2015,0.4,20.42,22.5,21347.712,0.0
2356,15/06/2015,0.0,20.36,22.7,19239.552,0.0
2357,16/06/2015,0.0,20.37,23.6,21288.96,0.0
2358,17/06/2015,7.0,20.37,19.6,20734.272,0.0
2359,18/06/2015,0.0,20.44,19.9,24185.952,0.0
2360,19/06/2015,1.3,20.44,20.7,22451.904,0.0
2361,20/06/2015,0.5,20.44,21.1,20228.832,0.0
2362,21/06/2015,0.0,20.45,20.8,18681.408,0.0
2363,22/06/2015,0.0,20.45,22.4,20934.72,0.0
2364,23/06/2015,0.0,20.47,24.2,22289.472,0.0
2365,24/06/2015,15.1,20.49,21.0,20348.064,0.0
2366,25/06/2015,0.0,20.47,20.7,20647.872,0.0
2367,26/06/2015,0.0,20.51,21.8,22751.712,0.0
2368,27/06/2015,0.0,20.55,23.6,24131.52,0.0
2369,28/06/2015,0.0,20.59,25.0,23143.968,0.0
2370,29/06/2015,0.0,20.67,24.3,24166.08,0.0
2371,30/06/2015,0.0,20.7,25.8,23764.32,0.0
2372,01/07/2015,0.0,20.73,26.5,24380.352,0.0
2373,02/07/2015,0.0,20.79,28.2,24616.224,0.0
2374,03/07/2015,0.0,20.85,28.9,26137.728,0.0
2375,04/07/2015,0.0,20.9,28.7,26865.216,0.0
2376,05/07/2015,0.0,20.9,29.3,25206.336,0.0
2377,06/07/2015,0.0,20.93,30.5,26646.624,0.0
2378,07/07/2015,0.0,20.98,30.9,27395.712,0.0
2379,08/07/2015,0.0,21.01,29.9,27727.488,0.0
2380,09/07/2015,0.0,21.06,27.9,27482.112,0.0
2381,10/07/2015,0.0,21.14,26.9,26416.8,0.0
2382,11/07/2015,0.0,21.13,27.1,25650.432,0.0
2383,12/07/2015,0.0,21.14,28.6,25368.768,0.0
2384,13/07/2015,0.8,21.15,28.6,26046.144,0.0
2385,14/07/2015,0.0,21.21,29.7,27841.536,0.0
2386,15/07/2015,0.0,21.29,30.6,28728.864,0.0
2387,16/07/2015,0.0,21.35,31.3,28376.352,0.0
2388,17/07/2015,0.0,21.42,30.5,28207.872,0.0
2389,18/07/2015,0.0,21.53,31.1,27414.72,0.0
2390,19/07/2015,0.0,21.57,30.8,25500.096,0.0
2391,20/07/2015,0.0,21.56,30.9,25850.016,0.0
2392,21/07/2015,0.0,21.64,31.1,28160.352,0.0
2393,22/07/2015,1.2,21.62,27.5,27399.168,0.0
2394,23/07/2015,0.0,21.47,28.0,22892.544,0.0
2395,24/07/2015,0.0,21.57,27.8,26853.984,0.0
2396,25/07/2015,0.7,21.57,25.5,23505.12,0.0
2397,26/07/2015,0.0,21.44,28.0,18931.968,0.0
2398,27/07/2015,0.0,21.52,27.6,24515.136,0.0
2399,28/07/2015,0.0,21.59,28.5,26398.656,0.0
2400,29/07/2015,0.0,21.66,28.1,26218.08,0.0
2401,30/07/2015,0.3,21.69,28.3,26103.168,0.0
2402,31/07/2015,0.0,21.7,26.6,25887.168,0.0
2403,01/08/2015,0.0,21.71,27.4,25680.672,0.0
2404,02/08/2015,2.5,21.79,26.4,24391.584,0.0
2405,03/08/2015,0.0,21.7,27.0,23098.176,0.0
2406,04/08/2015,0.0,21.77,28.5,24751.872,0.0
2407,05/08/2015,0.0,21.82,29.8,27578.88,0.0
2408,06/08/2015,0.0,21.88,29.6,27463.968,0.0
2409,07/08/2015,0.0,21.92,30.4,27449.28,0.0
2410,08/08/2015,0.9,21.99,29.4,28468.8,0.0
2411,09/08/2015,12.5,21.97,26.0,24516.864,0.0
2412,10/08/2015,2.4,21.83,21.9,19692.288,0.0
2413,11/08/2015,0.0,21.86,25.0,24516.864,0.0
2414,12/08/2015,0.0,21.89,27.3,26351.136,0.0
2415,13/08/2015,0.0,21.93,28.0,27103.68,0.0
2416,14/08/2015,0.0,21.94,28.5,27241.92,0.0
2417,15/08/2015,2.4,21.95,25.4,24745.824,0.0
2418,16/08/2015,7.6,21.8,21.1,18365.184,0.0
2419,17/08/2015,0.2,21.85,22.3,22640.256,0.0
2420,18/08/2015,0.2,21.9,23.6,25101.792,0.0
2421,19/08/2015,9.5,21.93,21.1,24729.408,0.0
2422,20/08/2015,0.0,22.14,21.2,32542.56,0.0
2423,21/08/2015,0.0,22.19,22.0,27593.568,0.0
2424,22/08/2015,0.0,22.09,21.9,25788.672,0.0
2425,23/08/2015,0.0,22.09,22.8,26555.04,0.0
2426,24/08/2015,5.0,22.1,23.4,25060.32,0.0
2427,25/08/2015,0.0,22.07,25.5,25945.056,0.0
2428,26/08/2015,0.0,22.1,24.1,25084.512,0.0
2429,27/08/2015,0.0,22.13,26.2,27209.088,0.0
2430,28/08/2015,0.0,22.21,26.8,28353.024,0.0
2431,29/08/2015,0.0,22.25,27.7,27911.52,0.0
2432,30/08/2015,0.0,22.27,28.3,27308.448,0.0
2433,31/08/2015,0.0,22.28,27.6,28482.624,0.0
2434,01/09/2015,0.0,22.31,26.6,28415.232,0.0
2435,02/09/2015,0.0,22.33,25.9,27812.16,0.0
2436,03/09/2015,0.0,22.32,25.6,28426.464,0.0
2437,04/09/2015,0.0,22.25,24.4,28052.352,0.0
2438,05/09/2015,5.8,22.2,23.2,26168.832,0.0
2439,06/09/2015,0.0,22.25,21.3,25569.216,0.0
2440,07/09/2015,0.0,22.29,21.1,26692.416,0.0
2441,08/09/2015,0.0,22.33,20.8,27668.736,0.0
2442,09/09/2015,0.0,22.3,19.0,26678.592,0.0
2443,10/09/2015,0.0,22.33,19.5,26548.128,0.0
2444,11/09/2015,0.0,22.39,19.9,27545.184,0.0
2445,12/09/2015,0.0,22.4,21.4,27476.064,0.0
2446,13/09/2015,3.3,22.4,18.7,25085.376,0.0
2447,14/09/2015,0.6,22.28,22.8,24026.112,0.0
2448,15/09/2015,0.0,22.28,25.6,24937.632,0.0
2449,16/09/2015,0.1,22.3,26.9,26803.008,0.0
2450,17/09/2015,0.0,22.36,28.6,27829.44,0.0
2451,18/09/2015,0.0,22.44,27.1,29021.76,0.0
2452,19/09/2015,0.0,22.52,24.2,29511.648,0.0
2453,20/09/2015,0.0,22.48,20.4,26267.328,0.0
2454,21/09/2015,0.0,22.5,19.9,27500.256,0.0
2455,22/09/2015,0.0,22.55,19.0,28181.088,2.4
2456,23/09/2015,0.2,22.54,18.7,27787.104,2.4
2457,24/09/2015,5.8,22.56,15.9,26486.784,2.4
2458,25/09/2015,1.2,22.57,16.6,25620.192,2.5
2459,26/09/2015,0.0,22.56,18.0,26234.496,2.4
2460,27/09/2015,0.0,22.61,17.6,26028.0,2.4
2461,28/09/2015,0.0,22.61,17.3,25448.256,2.4
2462,29/09/2015,0.0,22.62,17.2,26834.976,2.4
2463,30/09/2015,0.0,22.66,16.6,27612.576,2.4
2464,01/10/2015,3.2,22.61,16.2,23602.752,2.4
2465,02/10/2015,1.2,22.57,19.1,24506.496,2.4
2466,03/10/2015,1.4,22.57,18.4,24546.24,2.4
2467,04/10/2015,0.0,22.62,17.7,24778.656,2.4
2468,05/10/2015,2.4,22.56,20.5,24928.128,2.4
2469,06/10/2015,0.4,22.57,21.0,26005.536,2.4
2470,07/10/2015,41.2,22.59,18.2,26067.744,2.6
2471,08/10/2015,0.0,22.66,18.6,27260.064,2.5
2472,09/10/2015,0.0,22.73,16.6,27767.232,2.5
2473,10/10/2015,20.2,22.6,15.7,26251.776,2.5
2474,11/10/2015,0.0,22.6,14.6,25371.36,2.5
2475,12/10/2015,0.2,22.69,14.9,27298.944,2.5
2476,13/10/2015,1.6,22.64,18.3,25084.512,2.5
2477,14/10/2015,27.4,22.56,18.0,22602.24,2.6
2478,15/10/2015,0.2,22.6,16.6,23734.944,2.6
2479,16/10/2015,0.8,22.72,14.9,24782.112,2.5
2480,17/10/2015,0.0,22.77,14.9,25723.872,2.5
2481,18/10/2015,3.0,22.72,14.7,23512.032,2.5
2482,19/10/2015,3.0,22.6,16.2,22759.488,2.5
2483,20/10/2015,0.0,22.62,13.2,24113.376,2.5
2484,21/10/2015,0.0,22.69,12.9,26091.936,2.5
2485,22/10/2015,0.0,22.77,12.7,26271.648,2.5
2486,23/10/2015,0.0,22.83,14.1,25812.0,2.5
2487,24/10/2015,0.0,22.85,15.6,25736.832,2.6
2488,25/10/2015,0.0,22.73,11.7,22330.944,2.5
2489,26/10/2015,0.0,22.73,11.4,22315.392,2.5
2490,27/10/2015,0.0,22.69,13.6,22135.68,2.8
2491,28/10/2015,1.6,22.71,15.6,23315.904,3.2
2492,29/10/2015,28.2,22.72,14.6,25365.312,3.0
2493,30/10/2015,0.0,22.86,14.9,26551.584,2.8
2494,31/10/2015,0.0,22.97,15.1,28470.528,2.8
2495,01/11/2015,0.0,23.06,14.7,28653.696,2.8
2496,02/11/2015,0.0,23.04,12.1,29211.84,2.7
2497,03/11/2015,0.0,23.04,11.1,27593.568,2.7
2498,04/11/2015,0.0,22.94,14.5,25838.784,2.7
2499,05/11/2015,0.0,22.91,15.3,25440.48,2.7
2500,06/11/2015,0.2,22.97,12.7,25589.952,2.7
2501,07/11/2015,0.4,23.01,11.4,26523.072,2.7
2502,08/11/2015,0.0,23.06,12.5,26512.704,2.7
2503,09/11/2015,0.0,23.02,11.4,25646.976,2.7
2504,10/11/2015,0.0,23.02,12.3,26390.016,2.7
2505,11/11/2015,0.0,23.05,11.1,26626.752,2.7
2506,12/11/2015,0.0,23.05,11.7,26093.664,2.7
2507,13/11/2015,0.2,23.1,8.4,26449.632,2.7
2508,14/11/2015,0.0,23.09,12.7,26415.936,2.7
2509,15/11/2015,0.0,23.03,11.8,25055.136,2.7
2510,16/11/2015,0.0,23.01,11.6,26618.112,2.6
2511,17/11/2015,0.0,23.11,9.9,25822.368,2.7
2512,18/11/2015,0.0,23.05,12.9,25022.304,2.6
2513,19/11/2015,0.0,23.13,9.0,25910.496,2.6
2514,20/11/2015,0.0,23.04,13.9,26218.08,2.6
2515,21/11/2015,36.2,22.9,13.7,27032.832,2.9
2516,22/11/2015,1.8,23.15,6.3,27218.592,3.0
2517,23/11/2015,7.4,23.25,5.4,25168.32,2.8
2518,24/11/2015,0.0,23.21,7.3,25418.016,2.9
2519,25/11/2015,0.8,23.05,4.4,24289.632,2.8
2520,26/11/2015,0.6,23.0,6.1,23662.368,2.8
2521,27/11/2015,0.8,23.11,6.9,25052.544,3.0
2522,28/11/2015,0.0,23.21,5.1,27708.48,3.0
2523,29/11/2015,0.0,23.32,5.2,26766.72,2.9
2524,30/11/2015,0.0,23.32,6.7,26651.808,2.9
2525,01/12/2015,0.0,23.3,9.2,26329.536,2.9
2526,02/12/2015,0.2,23.32,4.8,25599.456,2.8
2527,03/12/2015,0.2,23.3,5.3,25075.872,2.8
2528,04/12/2015,0.0,23.3,9.3,27159.84,2.8
2529,05/12/2015,0.0,23.38,7.7,27530.496,2.8
2530,06/12/2015,0.0,23.36,8.0,26197.344,2.8
2531,07/12/2015,0.0,23.37,6.5,26690.688,2.8
2532,08/12/2015,0.0,23.35,7.4,25195.968,2.8
2533,09/12/2015,0.2,23.33,7.7,26767.584,2.8
2534,10/12/2015,0.0,23.38,8.4,26514.432,2.7
2535,11/12/2015,0.0,23.37,4.3,26588.736,2.7
2536,12/12/2015,0.0,23.42,5.5,27894.24,2.7
2537,13/12/2015,0.0,23.38,6.7,26847.936,2.7
2538,14/12/2015,0.0,23.43,3.4,27498.528,2.7
2539,15/12/2015,0.2,23.5,2.9,27381.024,2.7
2540,16/12/2015,0.0,23.49,6.5,27420.768,2.7
2541,17/12/2015,0.2,23.52,3.7,27358.56,2.7
2542,18/12/2015,0.0,23.51,4.1,28103.328,2.7
2543,19/12/2015,0.0,23.39,7.7,27923.616,2.7
2544,20/12/2015,0.4,23.41,5.4,26624.16,2.7
2545,21/12/2015,0.2,23.41,3.1,26550.72,2.7
2546,22/12/2015,0.0,23.46,6.1,28396.224,2.7
2547,23/12/2015,0.2,23.47,4.9,28440.288,2.7
2548,24/12/2015,1.8,23.48,5.6,28899.072,2.7
2549,25/12/2015,0.2,23.49,7.0,27603.072,2.7
2550,26/12/2015,0.4,23.47,3.4,26576.64,2.7
2551,27/12/2015,0.4,23.47,1.3,27070.848,2.7
2552,28/12/2015,0.2,23.49,0.4,27610.848,2.7
2553,29/12/2015,0.2,23.5,1.7,28731.456,2.7
2554,30/12/2015,0.2,23.54,2.9,26685.504,2.7
2555,31/12/2015,0.2,23.56,3.6,29775.168,2.7
2556,01/01/2016,0.0,23.56,5.1,27325.728,2.6
2557,02/01/2016,3.6,23.47,6.4,27449.28,2.7
2558,03/01/2016,12.4,23.39,7.3,26686.368,3.1
2559,04/01/2016,10.6,23.45,7.2,30186.432,3.1
2560,05/01/2016,0.2,23.51,9.0,28817.856,3.1
2561,06/01/2016,4.2,23.52,6.0,26407.296,3.1
2562,07/01/2016,0.6,23.56,5.8,26738.208,3.1
2563,08/01/2016,0.2,23.57,11.6,27611.712,3.0
2564,09/01/2016,0.0,23.58,14.6,28232.064,3.0
2565,10/01/2016,6.2,23.62,14.1,28372.896,3.0
2566,11/01/2016,8.4,23.62,14.1,29013.12,2.9
2567,12/01/2016,0.4,23.67,10.6,29223.936,3.1
2568,13/01/2016,0.2,23.77,7.5,28963.872,3.0
2569,14/01/2016,9.8,23.75,4.3,26678.592,3.0
2570,15/01/2016,8.6,23.72,8.0,28759.104,3.4
2571,16/01/2016,0.0,23.8,4.2,28937.952,3.2
2572,17/01/2016,0.0,23.81,2.2,26341.632,3.0
2573,18/01/2016,0.0,23.87,-0.3,26904.096,3.0
2574,19/01/2016,0.0,23.83,-0.7,27490.752,2.9
2575,20/01/2016,0.0,23.89,-0.2,28229.472,2.9
2576,21/01/2016,0.2,23.9,4.4,28629.504,2.9
2577,22/01/2016,0.2,24.01,2.1,28415.232,2.8
2578,23/01/2016,0.2,24.05,0.4,28496.448,2.8
2579,24/01/2016,0.2,24.08,0.3,28143.936,2.8
2580,25/01/2016,0.0,24.07,1.1,28432.512,2.8
2581,26/01/2016,0.0,24.02,7.6,28365.12,2.8
2582,27/01/2016,0.0,23.98,9.2,28362.528,2.8
2583,28/01/2016,0.0,23.98,11.2,28213.056,2.8
2584,29/01/2016,0.0,24.01,9.7,27943.488,2.8
2585,30/01/2016,0.0,23.99,9.5,28785.024,2.8
2586,31/01/2016,0.0,23.9,12.0,27200.448,2.8
2587,01/02/2016,0.0,23.91,12.8,27733.536,2.8
2588,02/02/2016,0.0,24.0,11.1,28026.432,2.8
2589,03/02/2016,0.2,24.01,12.4,27475.2,2.8
2590,04/02/2016,0.2,24.1,7.1,27360.288,2.7
2591,05/02/2016,0.0,24.19,4.4,28138.752,2.7
2592,06/02/2016,0.0,24.26,5.5,28465.344,2.7
2593,07/02/2016,0.0,24.15,9.7,27768.096,2.7
2594,08/02/2016,0.2,24.14,11.6,27137.376,2.7
2595,09/02/2016,1.0,24.1,12.3,26428.032,2.7
2596,10/02/2016,7.6,24.1,8.8,28556.928,3.0
2597,11/02/2016,1.8,24.17,7.8,26912.736,3.0
2598,12/02/2016,3.0,24.06,10.0,24909.12,2.9
2599,13/02/2016,1.2,24.02,11.5,25704.0,3.3
2600,14/02/2016,12.6,24.04,12.5,25125.12,3.4
2601,15/02/2016,17.4,24.16,10.9,26134.272,3.5
2602,16/02/2016,1.6,24.27,9.5,25636.608,3.5
2603,17/02/2016,1.2,24.23,10.4,25413.696,3.3
2604,18/02/2016,0.0,24.15,9.5,22010.4,3.2
2605,19/02/2016,0.0,24.22,9.2,25583.904,3.1
2606,20/02/2016,3.4,24.26,8.1,24604.992,3.0
2607,21/02/2016,0.0,24.2,7.4,22699.872,3.0
2608,22/02/2016,1.0,24.13,9.7,22952.16,3.0
2609,23/02/2016,4.6,24.03,12.3,21223.296,3.0
2610,24/02/2016,0.0,24.07,12.4,23315.04,3.0
2611,25/02/2016,7.8,24.07,11.5,22641.12,3.0
2612,26/02/2016,0.8,24.08,9.0,23505.984,3.2
2613,27/02/2016,4.6,24.07,9.3,22676.544,3.2
2614,28/02/2016,19.4,24.03,11.8,22286.016,3.2
2615,29/02/2016,14.2,24.04,9.7,23137.92,3.5
2616,01/03/2016,0.4,24.14,7.5,23304.672,3.4
2617,02/03/2016,0.0,24.15,9.1,24348.384,3.2
2618,03/03/2016,2.4,24.07,7.5,23292.576,3.1
2619,04/03/2016,0.0,24.11,7.4,23526.72,3.1
2620,05/03/2016,6.2,24.13,9.0,24284.448,3.0
2621,06/03/2016,4.2,24.11,8.4,22781.088,3.1
2622,07/03/2016,6.2,24.08,7.0,22749.12,3.2
2623,08/03/2016,10.0,24.14,6.0,23215.68,3.2
2624,09/03/2016,3.6,24.11,7.4,23432.544,3.3
2625,10/03/2016,0.0,24.12,9.2,22943.52,3.2
2626,11/03/2016,0.2,24.18,10.9,23945.76,3.2
2627,12/03/2016,0.0,24.21,10.6,25110.432,3.2
2628,13/03/2016,0.0,24.19,10.0,22889.952,3.1
2629,14/03/2016,0.0,24.2,10.1,23960.448,3.1
2630,15/03/2016,0.0,24.18,9.5,24645.6,3.0
2631,16/03/2016,0.4,24.19,9.6,23983.776,3.0
2632,17/03/2016,0.0,24.16,11.3,23101.632,3.0
2633,18/03/2016,0.0,24.13,11.6,22983.264,3.0
2634,19/03/2016,0.0,24.21,10.8,24634.368,2.9
2635,20/03/2016,0.0,24.26,11.2,23647.68,2.9
2636,21/03/2016,0.0,24.18,14.2,23130.144,2.9
2637,22/03/2016,0.0,24.09,13.1,22745.664,2.9
2638,23/03/2016,3.4,24.03,8.7,21941.28,2.9
2639,24/03/2016,0.0,24.13,10.1,22678.272,3.0
2640,25/03/2016,0.0,24.26,9.2,23981.184,2.9
2641,26/03/2016,0.0,24.25,11.8,25920.0,2.9
2642,27/03/2016,0.0,24.23,11.4,22654.944,2.9
2643,28/03/2016,0.4,24.14,12.3,21049.632,2.9
2644,29/03/2016,0.0,24.12,14.3,22892.544,2.9
2645,30/03/2016,0.0,24.14,14.7,23456.736,2.9
2646,31/03/2016,0.0,24.13,16.1,23404.032,2.9
2647,01/04/2016,0.0,24.13,16.3,23775.552,2.9
2648,02/04/2016,0.0,24.16,14.9,25361.856,2.8
2649,03/04/2016,0.0,24.15,15.2,23270.112,2.8
2650,04/04/2016,0.0,24.15,17.4,24371.712,2.7
2651,05/04/2016,0.0,24.17,17.2,25103.52,2.8
2652,06/04/2016,0.0,24.21,18.1,26025.408,2.7
2653,07/04/2016,0.0,24.18,18.4,26317.44,2.6
2654,08/04/2016,14.2,24.18,14.7,24478.848,2.8
2655,09/04/2016,1.2,24.13,12.6,24159.168,2.8
2656,10/04/2016,0.2,24.16,13.9,23766.912,2.8
2657,11/04/2016,0.0,24.21,14.9,23929.344,2.7
2658,12/04/2016,0.0,24.23,16.2,25016.256,2.7
2659,13/04/2016,0.0,24.19,18.2,24513.408,2.7
2660,14/04/2016,0.0,24.22,16.9,25232.256,2.7
2661,15/04/2016,0.0,24.3,15.1,26872.992,2.7
2662,16/04/2016,0.0,24.35,16.0,27895.968,2.7
2663,17/04/2016,0.0,24.38,19.5,27092.448,2.7
2664,18/04/2016,0.0,24.39,18.1,27082.08,2.7
2665,19/04/2016,0.4,24.42,13.0,26749.44,2.7
2666,20/04/2016,0.0,24.43,14.8,26711.424,2.7
2667,21/04/2016,0.0,24.45,15.8,26703.648,2.7
2668,22/04/2016,0.0,24.4,17.5,26733.024,2.7
2669,23/04/2016,22.6,24.35,13.7,26140.32,2.9
2670,24/04/2016,34.6,24.16,12.3,21556.8,3.1
2671,25/04/2016,2.8,24.23,9.1,23101.632,3.2
2672,26/04/2016,0.0,24.22,10.5,23477.472,3.1
2673,27/04/2016,0.0,24.24,15.1,24341.472,3.0
2674,28/04/2016,13.2,24.24,13.6,22946.112,3.0
2675,29/04/2016,0.0,24.42,15.2,25824.96,3.0
2676,30/04/2016,6.6,24.38,14.4,26776.224,2.9
2677,01/05/2016,16.6,24.27,13.7,23069.664,3.0
2678,02/05/2016,9.0,24.23,13.7,23883.552,3.3
2679,03/05/2016,0.0,24.19,16.9,22044.96,3.2
2680,04/05/2016,0.6,24.25,16.3,24876.288,3.1
2681,05/05/2016,0.0,24.28,14.7,23891.328,3.0
2682,06/05/2016,0.0,24.29,16.5,26923.104,3.0
2683,07/05/2016,0.0,24.29,16.4,26207.712,2.9
2684,08/05/2016,0.0,24.23,17.3,24172.992,2.9
2685,09/05/2016,0.0,24.24,18.7,24539.328,2.9
2686,10/05/2016,0.0,24.22,20.6,25329.024,2.9
2687,11/05/2016,0.4,24.18,17.7,24149.664,2.9
2688,12/05/2016,0.6,24.24,16.8,29498.688,2.9
2689,13/05/2016,0.0,24.21,17.0,24782.112,2.8
2690,14/05/2016,25.4,24.21,16.1,25198.56,3.3
2691,15/05/2016,14.6,24.2,15.4,23445.504,3.1
2692,16/05/2016,4.8,24.2,14.5,24072.768,3.2
2693,17/05/2016,2.8,24.19,15.3,23144.832,3.0
2694,18/05/2016,0.0,24.21,15.8,26102.304,3.0
2695,19/05/2016,19.2,24.14,14.5,23146.56,3.0
2696,20/05/2016,3.8,24.1,13.3,24134.112,3.4
2697,21/05/2016,0.0,24.2,18.0,25637.472,3.3
2698,22/05/2016,0.0,24.15,19.4,25014.528,3.1
2699,23/05/2016,7.2,24.11,15.9,23860.224,3.1
2700,24/05/2016,0.8,24.05,15.6,24290.496,3.2
2701,25/05/2016,0.0,24.1,17.4,24379.488,3.1
2702,26/05/2016,0.0,24.06,19.7,22192.704,3.0
2703,27/05/2016,0.0,24.02,22.0,23080.896,3.0
2704,28/05/2016,0.0,24.03,22.8,24400.224,2.9
2705,29/05/2016,2.4,23.93,20.9,20532.096,2.9
2706,30/05/2016,9.8,23.88,19.3,20815.488,2.9
2707,31/05/2016,0.0,23.88,18.2,19660.32,2.9
2708,01/06/2016,1.2,23.85,17.6,19959.264,2.9
2709,02/06/2016,16.2,23.69,16.0,16790.112,2.9
2710,03/06/2016,11.0,23.67,17.5,18918.144,2.9
2711,04/06/2016,0.0,23.73,19.2,20729.952,2.9
2712,05/06/2016,0.0,23.71,19.5,19623.168,2.8
2713,06/06/2016,3.6,23.73,19.0,20519.136,2.8
2714,07/06/2016,0.2,23.78,20.6,22840.704,2.8
2715,08/06/2016,0.0,23.78,20.9,23584.608,2.8
2716,09/06/2016,8.6,23.75,19.2,23110.272,2.9
2717,10/06/2016,0.0,23.69,20.6,23361.696,3.0
2718,11/06/2016,0.0,23.71,21.3,24072.768,2.9
2719,12/06/2016,11.6,23.66,19.3,20894.976,3.4
2720,13/06/2016,0.0,23.6,20.6,22103.712,3.3
2721,14/06/2016,1.4,23.63,20.3,21203.424,3.1
2722,15/06/2016,0.0,23.65,22.1,23534.496,3.2
2723,16/06/2016,0.2,23.66,22.8,23329.728,3.0
2724,17/06/2016,1.2,23.74,22.3,24148.8,3.0
2725,18/06/2016,0.0,23.75,21.1,24529.824,2.9
2726,19/06/2016,1.8,23.72,18.3,23357.376,2.9
2727,20/06/2016,8.2,23.55,16.7,20330.784,3.0
2728,21/06/2016,0.2,23.55,20.2,22545.216,3.1
2729,22/06/2016,0.0,23.59,23.5,23913.792,2.9
2730,23/06/2016,0.0,23.61,26.0,25779.168,2.9
2731,24/06/2016,0.0,23.63,27.8,25529.472,2.9
2732,25/06/2016,0.0,23.7,26.7,27979.776,2.8
2733,26/06/2016,0.0,23.69,26.6,24662.016,2.8
2734,27/06/2016,0.6,23.66,25.2,24236.928,2.8
2735,28/06/2016,0.0,23.68,24.4,22866.624,2.8
2736,29/06/2016,0.0,23.78,24.5,24490.08,2.7
2737,30/06/2016,0.0,23.82,26.6,26758.944,2.7
2738,01/07/2016,0.0,23.89,26.5,26447.04,2.7
2739,02/07/2016,0.0,23.91,27.2,26339.904,2.7
2740,03/07/2016,0.0,23.96,26.8,26972.352,2.7
2741,04/07/2016,0.0,23.95,26.1,25507.872,2.7
2742,05/07/2016,0.0,24.01,27.1,27380.16,2.6
2743,06/07/2016,0.0,24.05,26.7,26682.048,2.6
2744,07/07/2016,0.0,24.04,27.5,26156.736,2.6
2745,08/07/2016,0.0,24.1,28.2,25761.024,2.6
2746,09/07/2016,0.0,24.11,27.5,26469.504,2.6
2747,10/07/2016,0.0,24.12,28.3,24919.488,2.6
2748,11/07/2016,0.0,24.11,29.6,26072.064,2.5
2749,12/07/2016,0.0,24.18,29.4,27704.16,2.5
2750,13/07/2016,11.0,24.15,27.3,26287.2,2.5
2751,14/07/2016,0.0,24.17,23.3,24495.264,2.6
2752,15/07/2016,20.0,23.96,17.4,19222.272,2.7
2753,16/07/2016,0.0,23.92,19.1,20208.096,2.7
2754,17/07/2016,0.0,23.93,21.2,22654.944,2.6
2755,18/07/2016,0.0,23.94,24.1,23913.792,2.5
2756,19/07/2016,0.0,24.0,25.4,23847.264,2.5
2757,20/07/2016,0.0,24.08,27.3,26588.736,2.5
2758,21/07/2016,0.0,24.16,27.1,26600.832,2.4
2759,22/07/2016,0.0,24.23,27.0,27300.672,2.4
2760,23/07/2016,0.2,24.26,24.3,24916.032,2.4
2761,24/07/2016,55.4,24.04,23.5,19227.456,2.5
2762,25/07/2016,0.2,23.9,24.0,19872.864,2.6
2763,26/07/2016,0.0,23.95,25.8,23193.216,2.5
2764,27/07/2016,0.2,23.98,25.9,23958.72,2.4
2765,28/07/2016,0.0,23.99,26.2,24970.464,2.4
2766,29/07/2016,0.0,24.14,26.6,31712.256,2.3
2767,30/07/2016,0.0,24.39,28.2,34611.84,2.3
2768,31/07/2016,0.0,24.47,27.9,30549.312,2.3
2769,01/08/2016,9.0,24.46,24.4,30165.696,2.3
2770,02/08/2016,0.2,24.39,24.4,28907.712,2.5
2771,03/08/2016,0.0,24.38,25.4,28811.808,2.4
2772,04/08/2016,0.0,24.41,27.2,30240.864,2.3
2773,05/08/2016,13.2,24.44,24.6,30081.024,2.3
2774,06/08/2016,41.6,24.4,18.9,25850.88,2.7
2775,07/08/2016,0.0,24.33,23.2,23064.48,2.6
2776,08/08/2016,0.0,24.37,23.9,26625.024,2.4
2777,09/08/2016,0.0,24.34,23.5,26353.728,2.4
2778,10/08/2016,0.0,24.39,23.3,28794.528,2.3
2779,11/08/2016,0.0,24.39,20.1,24994.656,2.6
2780,12/08/2016,0.0,24.49,20.1,28614.816,2.5
2781,13/08/2016,0.0,24.49,21.5,28600.992,2.4
2782,14/08/2016,0.0,24.46,22.8,26979.264,2.3
2783,15/08/2016,0.0,24.4,24.8,24865.92,2.2
2784,16/08/2016,0.0,24.41,25.2,28380.672,2.2
2785,17/08/2016,0.0,24.51,24.0,29685.312,2.2
2786,18/08/2016,0.0,24.5,24.6,29420.064,2.2
2787,19/08/2016,0.0,24.56,24.9,29211.84,2.2
2788,20/08/2016,0.0,24.54,26.7,28790.208,2.2
2789,21/08/2016,0.0,24.58,27.0,29030.4,2.2
2790,22/08/2016,0.0,24.67,23.4,29293.056,2.2
2791,23/08/2016,0.0,24.67,22.8,28276.128,2.2
2792,24/08/2016,0.0,24.69,24.3,30776.544,2.2
2793,25/08/2016,0.0,24.65,24.8,28656.288,2.2
2794,26/08/2016,0.0,24.61,24.9,29871.936,2.3
2795,27/08/2016,0.0,24.63,26.0,31083.264,2.3
2796,28/08/2016,0.0,24.59,25.7,29384.64,2.3
2797,29/08/2016,0.0,24.52,24.9,28172.448,2.3
2798,30/08/2016,2.8,24.55,24.1,29706.912,2.4
2799,31/08/2016,16.0,24.39,20.9,23490.432,2.5
2800,01/09/2016,0.2,24.41,22.5,24803.712,2.6
2801,02/09/2016,0.0,24.42,23.8,25786.08,2.5
2802,03/09/2016,0.0,24.45,24.7,27117.504,2.5
2803,04/09/2016,0.0,24.44,25.1,25221.024,2.5
2804,05/09/2016,1.0,24.38,23.2,25044.768,2.5
2805,06/09/2016,2.6,24.43,19.6,25704.864,2.5
2806,07/09/2016,0.0,24.44,20.6,27024.192,2.6
2807,08/09/2016,0.0,24.51,23.3,29753.568,2.7
2808,09/09/2016,0.0,24.61,21.6,30457.728,2.6
2809,10/09/2016,0.0,24.54,23.8,28210.464,2.6
2810,11/09/2016,0.0,24.6,22.1,28287.36,2.5
2811,12/09/2016,0.0,24.58,23.5,27467.424,2.5
2812,13/09/2016,0.0,24.65,22.0,29638.656,2.5
2813,14/09/2016,0.0,24.6,22.7,28546.56,2.5
2814,15/09/2016,0.8,24.6,22.0,27117.504,2.5
2815,16/09/2016,18.4,24.5,21.0,22827.744,2.5
2816,17/09/2016,0.0,24.39,20.7,22871.808,2.6
2817,18/09/2016,21.2,24.41,18.1,23076.576,2.9
2818,19/09/2016,0.2,24.28,16.8,19308.672,2.8
2819,20/09/2016,1.2,24.26,19.0,21850.56,2.6
2820,21/09/2016,0.0,24.24,19.2,21519.648,2.6
2821,22/09/2016,0.0,24.26,18.4,21481.632,2.6
2822,23/09/2016,0.0,24.33,16.4,23116.32,2.5
2823,24/09/2016,0.0,24.29,17.6,22180.608,2.5
2824,25/09/2016,0.0,24.25,17.2,22521.888,2.5
2825,26/09/2016,0.0,24.2,16.8,21607.776,2.5
2826,27/09/2016,0.0,24.28,17.7,22565.088,2.5
2827,28/09/2016,0.0,24.31,18.0,22753.44,2.5
2828,29/09/2016,0.0,24.38,16.7,24911.712,2.5
2829,30/09/2016,0.0,24.38,18.0,25038.72,2.5
2830,01/10/2016,14.6,24.34,19.3,24675.84,2.5
2831,02/10/2016,26.8,24.25,19.7,22722.336,2.7
2832,03/10/2016,0.0,24.26,19.4,22527.936,2.7
2833,04/10/2016,0.0,24.29,16.6,23116.32,2.6
2834,05/10/2016,0.0,24.26,16.8,22757.76,2.5
2835,06/10/2016,10.0,24.23,13.3,22053.6,2.6
2836,07/10/2016,7.6,24.15,13.5,22277.376,2.6
2837,08/10/2016,19.2,24.34,11.9,25041.312,2.6
2838,09/10/2016,0.2,24.29,13.7,24257.664,2.7
2839,10/10/2016,10.8,24.21,12.4,22797.504,2.7
2840,11/10/2016,8.2,24.13,9.7,22908.096,2.7
2841,12/10/2016,0.2,24.25,10.3,24882.336,2.6
2842,13/10/2016,9.6,24.29,8.9,24350.112,2.7
2843,14/10/2016,12.8,24.25,16.2,25404.192,2.7
2844,15/10/2016,1.0,24.3,17.7,25492.32,2.8
2845,16/10/2016,0.2,24.35,16.2,24390.72,2.7
2846,17/10/2016,0.0,24.36,15.9,23982.912,2.7
2847,18/10/2016,0.0,24.25,15.6,22575.456,2.7
2848,19/10/2016,0.0,24.2,16.3,24064.128,2.7
2849,20/10/2016,0.0,24.16,16.2,24344.928,2.6
2850,21/10/2016,9.0,24.16,14.0,24455.52,2.6
2851,22/10/2016,0.2,24.17,11.6,24594.624,2.6
2852,23/10/2016,0.0,24.11,14.4,23330.592,2.6
2853,24/10/2016,0.0,24.18,18.1,24830.496,2.6
2854,25/10/2016,0.0,24.17,18.5,24687.072,2.6
2855,26/10/2016,12.4,24.23,19.6,27277.344,2.7
2856,27/10/2016,8.6,24.26,16.1,26448.768,3.1
2857,28/10/2016,0.0,24.25,13.3,25028.352,2.9
2858,29/10/2016,0.0,24.19,14.5,25206.336,2.8
2859,30/10/2016,0.0,24.14,13.6,24086.592,2.8
2860,31/10/2016,0.0,24.18,12.0,26466.912,2.7
2861,01/11/2016,0.0,24.22,11.1,26339.04,2.7
2862,02/11/2016,0.0,24.13,14.5,25526.016,2.7
2863,03/11/2016,0.0,24.16,16.4,27245.376,2.7
2864,04/11/2016,0.0,24.19,15.1,26313.12,2.7
2865,05/11/2016,3.6,24.1,17.0,25753.248,2.7
2866,06/11/2016,7.4,24.1,17.8,27486.432,2.8
2867,07/11/2016,0.0,24.14,12.3,25429.248,2.9
2868,08/11/2016,3.0,24.03,10.4,24159.168,2.8
2869,09/11/2016,0.2,24.12,8.4,25773.12,2.8
2870,10/11/2016,1.4,24.05,10.1,24188.544,2.7
2871,11/11/2016,29.6,24.05,9.4,23783.328,3.0
2872,12/11/2016,2.4,24.05,6.4,23841.216,3.1
2873,13/11/2016,0.2,24.1,4.6,24310.368,3.0
2874,14/11/2016,0.0,24.09,8.2,24902.208,2.9
2875,15/11/2016,0.0,24.12,7.3,25480.224,2.8
2876,16/11/2016,0.0,24.07,5.2,24572.16,2.8
2877,17/11/2016,2.8,24.0,7.1,25069.824,2.8
2878,18/11/2016,0.4,23.95,13.7,24553.152,3.0
2879,19/11/2016,23.6,23.85,14.1,22857.12,3.3
2880,20/11/2016,0.2,23.84,14.2,23580.288,3.4
2881,21/11/2016,0.2,23.96,13.4,25122.528,3.1
2882,22/11/2016,0.0,23.95,11.4,24743.232,3.0
2883,23/11/2016,0.2,23.92,10.4,23631.264,2.9
2884,24/11/2016,0.0,23.84,11.1,23171.616,2.9
2885,25/11/2016,7.6,23.73,12.7,23704.704,2.9
2886,26/11/2016,0.0,23.85,11.0,24452.064,2.9
2887,27/11/2016,0.2,23.81,6.7,23392.8,2.8
2888,28/11/2016,0.2,23.8,7.1,23041.152,2.8
2889,29/11/2016,0.0,23.82,4.7,21955.968,2.8
2890,30/11/2016,0.0,23.92,4.7,23934.528,2.8
2891,01/12/2016,0.0,23.78,2.9,22850.208,2.8
2892,02/12/2016,0.0,23.78,8.0,23982.912,2.8
2893,03/12/2016,0.0,23.69,9.3,23436.0,2.8
2894,04/12/2016,0.0,23.71,8.6,22157.28,2.8
2895,05/12/2016,0.0,23.82,9.4,24199.776,2.8
2896,06/12/2016,0.0,23.83,5.9,24146.208,2.7
2897,07/12/2016,0.2,23.72,5.6,22849.344,2.8
2898,08/12/2016,0.2,23.73,3.6,22823.424,2.7
2899,09/12/2016,0.0,23.68,2.7,22344.768,2.7
2900,10/12/2016,0.2,23.66,2.9,23191.488,2.7
2901,11/12/2016,0.0,23.52,7.3,22871.808,2.7
2902,12/12/2016,0.0,23.49,9.2,23015.232,2.7
2903,13/12/2016,0.0,23.82,3.9,26371.008,2.7
2904,14/12/2016,2.0,23.74,5.0,24810.624,2.7
2905,15/12/2016,0.4,23.64,6.6,23209.632,2.7
2906,16/12/2016,0.0,23.61,5.6,23925.024,2.7
2907,17/12/2016,0.0,23.71,6.4,24560.064,2.7
2908,18/12/2016,0.2,23.64,1.4,23193.216,2.7
2909,19/12/2016,0.4,23.54,1.5,22617.792,2.7
2910,20/12/2016,0.6,23.47,7.0,23503.392,2.7
2911,21/12/2016,0.0,23.57,8.8,24765.696,2.7
2912,22/12/2016,0.2,23.64,3.2,24406.272,2.7
2913,23/12/2016,0.2,23.59,2.4,24329.376,2.7
2914,24/12/2016,0.2,23.61,2.1,24923.808,2.7
2915,25/12/2016,0.0,23.51,4.4,22243.68,2.7
2916,26/12/2016,0.2,23.4,2.0,20801.664,2.7
2917,27/12/2016,0.2,23.47,5.2,22603.104,2.7
2918,28/12/2016,0.0,23.51,4.8,24042.528,2.7
2919,29/12/2016,0.0,23.54,5.0,24153.12,2.7
2920,30/12/2016,0.0,23.51,5.0,23751.36,2.7
2921,31/12/2016,0.0,23.52,4.3,26078.976,2.7
2922,01/01/2017,0.0,23.52,0.5,25328.16,2.7
2923,02/01/2017,0.2,23.51,6.4,25900.992,2.7
2924,03/01/2017,6.0,23.49,7.9,25627.968,2.7
2925,04/01/2017,0.0,23.53,3.3,25542.432,2.8
2926,05/01/2017,0.6,23.54,3.6,25028.352,2.7
2927,06/01/2017,0.0,23.61,-0.5,24898.752,2.7
2928,07/01/2017,0.0,23.62,-1.9,25897.536,2.7
2929,08/01/2017,0.0,23.65,-2.7,25298.784,2.7
2930,09/01/2017,0.0,23.74,2.1,27776.736,2.7
2931,10/01/2017,0.0,23.76,0.0,29102.976,2.7
2932,11/01/2017,0.0,23.87,-0.4,28778.976,2.7
2933,12/01/2017,0.2,23.87,3.6,28467.072,2.7
2934,13/01/2017,52.6,23.77,7.2,27437.184,3.0
2935,14/01/2017,0.0,23.9,1.1,29724.192,3.0
2936,15/01/2017,0.2,23.87,2.2,27349.056,2.8
2937,16/01/2017,0.0,23.78,3.2,26055.648,2.8
2938,17/01/2017,0.4,23.68,3.4,26457.408,2.8
2939,18/01/2017,0.8,23.68,4.7,24946.272,2.8
2940,19/01/2017,0.0,23.7,4.8,25327.296,2.9
2941,20/01/2017,0.0,23.75,2.9,27470.88,2.9
2942,21/01/2017,0.0,23.75,2.8,28312.416,2.9
2943,22/01/2017,0.0,23.7,4.2,27400.032,2.9
2944,23/01/2017,0.2,23.68,6.7,27784.512,2.9
2945,24/01/2017,0.0,23.59,8.8,25087.104,2.9
2946,25/01/2017,0.0,23.58,5.5,25166.592,2.9
2947,26/01/2017,0.0,23.64,1.9,24134.112,2.9
2948,27/01/2017,0.0,23.63,1.6,25528.608,2.8
2949,28/01/2017,0.0,23.58,1.9,24922.08,2.8
2950,29/01/2017,0.0,23.59,2.0,25552.8,2.8
2951,30/01/2017,0.0,23.58,3.7,25526.88,2.8
2952,31/01/2017,0.0,23.54,8.8,26091.936,2.8
2953,01/02/2017,0.2,23.58,11.0,26400.384,2.8
2954,02/02/2017,0.0,23.58,12.1,26302.752,2.9
2955,03/02/2017,0.8,23.45,12.5,22892.544,2.9
2956,04/02/2017,0.8,23.46,12.0,24487.488,2.9
2957,05/02/2017,10.2,23.41,11.3,23200.128,2.9
2958,06/02/2017,12.6,23.38,9.2,23912.928,3.3
2959,07/02/2017,0.0,23.51,8.6,24588.576,3.4
2960,08/02/2017,0.0,23.57,6.4,26282.88,3.2
2961,09/02/2017,0.0,23.57,8.4,26542.08,3.1
2962,10/02/2017,0.0,23.58,9.3,24462.432,3.0
2963,11/02/2017,0.0,23.58,7.9,25582.176,3.0
2964,12/02/2017,0.0,23.54,9.2,24530.688,3.0
2965,13/02/2017,0.0,23.51,7.6,23627.808,2.9
2966,14/02/2017,0.0,23.54,6.5,24795.936,2.9
2967,15/02/2017,0.0,23.58,5.4,24915.168,2.9
2968,16/02/2017,0.0,23.56,6.1,24640.416,2.8
2969,17/02/2017,1.0,23.49,8.3,23514.624,2.9
2970,18/02/2017,8.6,23.43,8.4,23822.208,2.9
2971,19/02/2017,0.0,23.44,6.4,24115.968,2.9
2972,20/02/2017,0.0,23.46,5.2,24183.36,2.8
2973,21/02/2017,0.0,23.43,5.7,23512.896,2.8
2974,22/02/2017,0.0,23.38,8.2,23273.568,2.8
2975,23/02/2017,0.0,23.32,11.6,22962.528,2.8
2976,24/02/2017,5.4,23.38,12.0,24071.904,2.8
2977,25/02/2017,2.8,23.43,9.1,24759.648,3.2
2978,26/02/2017,0.0,23.5,8.5,26001.216,3.1
2979,27/02/2017,0.0,23.46,9.6,24648.192,3.0
2980,28/02/2017,1.0,23.35,10.9,22861.44,2.9
2981,01/03/2017,9.0,23.4,11.1,23297.76,3.1
2982,02/03/2017,0.0,23.38,10.3,24103.872,3.0
2983,03/03/2017,0.0,23.4,12.6,23619.168,3.0
2984,04/03/2017,6.0,23.4,10.1,24894.432,2.9
2985,05/03/2017,9.2,23.37,9.2,22136.544,3.1
2986,06/03/2017,21.4,23.28,10.5,22673.088,3.3
2987,07/03/2017,16.6,23.31,8.8,23701.248,4.0
2988,08/03/2017,0.0,23.45,10.5,25543.296,3.6
2989,09/03/2017,0.0,23.47,10.6,25085.376,3.2
2990,10/03/2017,0.0,23.42,10.4,25177.824,3.1
2991,11/03/2017,0.0,23.44,9.9,23486.976,3.0
2992,12/03/2017,0.0,23.4,9.2,25175.232,2.9
2993,13/03/2017,0.0,23.42,8.5,23883.552,2.9
2994,14/03/2017,0.0,23.45,9.3,25773.12,2.9
2995,15/03/2017,0.0,23.41,10.6,23575.104,2.8
2996,16/03/2017,0.0,23.4,12.0,24217.92,2.8
2997,17/03/2017,0.0,23.34,11.6,24521.184,2.8
2998,18/03/2017,0.0,23.34,11.1,24683.616,2.8
2999,19/03/2017,0.0,23.3,13.1,24798.528,2.8
3000,20/03/2017,0.0,23.27,15.8,23342.688,2.8
3001,21/03/2017,0.0,23.27,15.0,23861.088,2.7
3002,22/03/2017,0.0,23.37,13.3,25916.544,2.7
3003,23/03/2017,0.0,23.27,15.3,22446.72,2.7
3004,24/03/2017,0.0,23.31,14.7,24001.056,2.7
3005,25/03/2017,0.0,23.29,16.0,24662.016,2.7
3006,26/03/2017,3.2,23.31,13.1,23827.392,2.7
3007,27/03/2017,0.0,23.2,10.5,21809.952,2.7
3008,28/03/2017,0.0,23.21,11.8,22571.136,2.6
3009,29/03/2017,0.0,23.18,12.6,22993.632,2.6
3010,30/03/2017,0.0,23.22,15.4,23210.496,2.7
3011,31/03/2017,0.0,23.21,15.7,24097.824,2.7
3012,01/04/2017,0.0,23.22,14.2,24370.848,2.7
3013,02/04/2017,3.2,23.11,12.1,22189.248,2.7
3014,03/04/2017,0.0,23.1,15.9,22339.584,2.7
3015,04/04/2017,0.0,23.11,15.4,23582.016,2.7
3016,05/04/2017,0.6,23.17,13.0,24412.32,2.7
3017,06/04/2017,0.2,23.13,11.1,23029.92,2.6
3018,07/04/2017,0.0,23.16,13.5,24001.92,2.6
3019,08/04/2017,0.0,23.23,15.3,26127.36,2.6
3020,09/04/2017,0.0,23.23,16.5,24947.136,2.6
3021,10/04/2017,0.0,23.23,16.9,25710.048,2.6
3022,11/04/2017,0.0,23.22,16.6,25056.864,2.6
3023,12/04/2017,0.0,23.16,18.2,24750.144,2.6
3024,13/04/2017,0.0,23.18,17.1,26115.264,2.6
3025,14/04/2017,0.0,23.26,16.3,25864.704,2.6
3026,15/04/2017,10.6,23.24,16.4,26207.712,2.6
3027,16/04/2017,3.8,23.13,16.6,23314.176,2.6
3028,17/04/2017,1.4,23.14,14.4,24920.352,2.6
3029,18/04/2017,11.4,23.01,9.8,21185.28,2.7
3030,19/04/2017,0.0,23.04,8.9,21943.008,2.7
3031,20/04/2017,0.0,23.05,7.3,21766.752,2.6
3032,21/04/2017,0.0,23.03,8.2,23389.344,2.6
3033,22/04/2017,0.0,23.03,10.4,24585.984,2.6
3034,23/04/2017,0.0,23.04,13.9,24601.536,2.6
3035,24/04/2017,0.0,23.0,14.8,23373.792,2.6
3036,25/04/2017,0.0,23.01,15.1,23207.04,2.6
3037,26/04/2017,0.0,22.94,15.5,23150.016,2.6
3038,27/04/2017,5.4,23.03,17.1,24063.264,2.6
3039,28/04/2017,9.2,22.96,13.3,22570.272,3.1
3040,29/04/2017,0.0,23.07,12.4,23813.568,2.9
3041,30/04/2017,0.0,22.98,12.9,23583.744,2.8
3042,01/05/2017,0.0,23.01,13.1,22433.76,2.7
3043,02/05/2017,0.0,22.96,13.8,21968.064,2.7
3044,03/05/2017,0.0,23.08,15.6,24980.832,2.7
3045,04/05/2017,0.6,23.08,16.2,25661.664,2.7
3046,05/05/2017,1.2,23.1,16.7,25052.544,2.7
3047,06/05/2017,8.8,23.09,16.2,25024.896,2.6
3048,07/05/2017,5.8,22.99,14.7,22291.2,2.7
3049,08/05/2017,1.4,22.92,13.4,22453.632,3.0
3050,09/05/2017,1.0,22.94,13.8,22958.208,2.8
3051,10/05/2017,0.0,22.99,16.2,23607.072,2.8
3052,11/05/2017,0.0,23.02,19.0,24655.968,2.7
3053,12/05/2017,0.0,22.98,21.3,24027.84,2.7
3054,13/05/2017,0.0,23.14,20.8,26531.712,2.7
3055,14/05/2017,0.0,23.2,20.4,27243.648,2.7
3056,15/05/2017,0.4,23.2,18.1,25344.576,2.6
3057,16/05/2017,0.0,23.21,19.5,25608.96,2.7
3058,17/05/2017,0.0,23.18,20.5,26744.256,2.6
3059,18/05/2017,0.0,23.19,21.2,27416.448,2.6
3060,19/05/2017,0.0,23.22,21.8,27842.4,2.6
3061,20/05/2017,20.4,23.3,18.1,29447.712,2.6
3062,21/05/2017,2.2,23.23,17.3,25434.432,2.6
3063,22/05/2017,0.0,23.19,20.3,25784.352,2.6
3064,23/05/2017,0.0,23.23,21.0,27442.368,2.6
3065,24/05/2017,0.0,23.3,21.4,29085.696,2.6
3066,25/05/2017,0.4,23.35,19.9,29350.944,2.5
3067,26/05/2017,0.0,23.39,18.5,28030.752,2.5
3068,27/05/2017,0.0,23.54,20.2,29229.984,2.5
3069,28/05/2017,0.0,23.61,21.5,30356.64,2.5
3070,29/05/2017,0.0,23.6,22.6,29429.568,2.5
3071,30/05/2017,0.0,23.68,23.5,29674.08,2.5
3072,31/05/2017,0.0,23.76,23.7,29874.528,2.5
3073,01/06/2017,0.0,23.8,23.4,30208.896,2.5
3074,02/06/2017,0.0,23.78,23.3,28484.352,2.5
3075,03/06/2017,0.0,23.82,23.9,29583.36,2.4
3076,04/06/2017,0.0,23.84,24.6,29230.848,2.4
3077,05/06/2017,0.0,23.88,24.7,30373.92,2.4
3078,06/06/2017,0.0,23.93,23.7,30607.2,2.4
3079,07/06/2017,0.0,23.95,24.2,30074.112,2.4
3080,08/06/2017,0.0,24.06,21.6,31293.216,2.4
3081,09/06/2017,0.0,24.09,22.7,31339.872,2.4
3082,10/06/2017,0.0,24.14,24.1,31938.624,2.4
3083,11/06/2017,0.0,24.21,24.4,32266.08,2.4
3084,12/06/2017,0.0,24.23,25.6,32010.336,2.4
3085,13/06/2017,0.0,24.26,27.4,32033.664,2.4
3086,14/06/2017,0.0,24.4,27.8,32753.376,2.3
3087,15/06/2017,0.0,24.47,26.8,32775.84,2.4
3088,16/06/2017,0.0,24.52,28.2,32919.264,2.4
3089,17/06/2017,0.0,24.53,27.1,33072.192,2.4
3090,18/06/2017,0.0,24.6,24.1,31980.096,2.4
3091,19/06/2017,0.0,24.57,24.8,29740.608,2.4
3092,20/06/2017,0.0,24.59,26.0,31745.088,2.4
3093,21/06/2017,0.0,24.68,27.5,31885.92,2.4
3094,22/06/2017,0.0,24.73,28.6,31022.784,2.4
3095,23/06/2017,0.0,24.79,28.6,31949.856,2.4
3096,24/06/2017,0.0,24.86,29.2,32879.52,2.4
3097,25/06/2017,0.0,24.87,28.2,30218.4,2.4
3098,26/06/2017,0.0,24.86,28.9,29896.128,2.5
3099,27/06/2017,0.0,24.91,29.8,31999.968,2.5
3100,28/06/2017,2.6,24.9,26.4,31842.72,2.4
3101,29/06/2017,7.4,24.74,24.7,28867.104,2.6
3102,30/06/2017,9.4,24.58,21.1,26190.432,2.6
3103,01/07/2017,0.0,24.44,21.8,23910.336,2.6
3104,02/07/2017,0.0,24.43,21.8,26160.192,2.5
3105,03/07/2017,0.0,24.5,24.3,28249.344,2.5
3106,04/07/2017,0.0,24.54,26.3,29245.536,2.4
3107,05/07/2017,0.0,24.71,27.2,30305.664,2.4
3108,06/07/2017,0.0,24.93,27.9,32092.416,2.3
3109,07/07/2017,0.0,25.05,28.6,32359.392,2.3
3110,08/07/2017,0.0,25.13,29.3,32882.112,2.2
3111,09/07/2017,0.0,25.2,29.8,32754.24,2.2
3112,10/07/2017,0.0,25.2,28.8,31755.456,2.2
3113,11/07/2017,0.0,25.25,29.4,32094.144,2.1
3114,12/07/2017,0.0,25.29,29.2,31698.432,2.1
3115,13/07/2017,0.0,25.36,29.3,32567.616,2.1
3116,14/07/2017,0.0,25.4,27.6,32066.496,2.1
3117,15/07/2017,0.0,25.45,25.6,31779.648,2.1
3118,16/07/2017,0.0,25.52,23.0,30414.528,2.2
3119,17/07/2017,0.0,25.52,23.3,30502.656,2.2
3120,18/07/2017,0.0,25.58,25.5,31566.24,2.1
3121,19/07/2017,0.0,25.61,26.8,31766.688,2.1
3122,20/07/2017,0.0,25.7,27.7,32607.36,2.1
3123,21/07/2017,0.0,25.71,28.5,31440.096,2.1
3124,22/07/2017,0.0,25.75,29.4,31919.616,2.0
3125,23/07/2017,0.0,25.76,29.8,31123.008,2.1
3126,24/07/2017,6.4,25.74,24.4,31332.96,2.1
3127,25/07/2017,2.4,25.54,21.2,24824.448,2.3
3128,26/07/2017,0.2,25.48,21.2,25340.256,2.3
3129,27/07/2017,0.0,25.39,24.4,27783.648,2.2
3130,28/07/2017,0.0,25.48,26.2,28872.288,2.3
3131,29/07/2017,0.0,25.67,28.0,30285.792,2.2
3132,30/07/2017,0.0,25.71,28.5,29707.776,2.2
3133,31/07/2017,0.0,25.77,30.1,30528.576,2.1
3134,01/08/2017,0.0,25.91,32.4,30924.288,2.1
3135,02/08/2017,0.0,25.98,32.4,31716.576,2.0
3136,03/08/2017,0.0,26.11,33.0,34049.376,2.0
3137,04/08/2017,0.0,26.16,32.7,33936.192,2.0
3138,05/08/2017,0.0,26.24,32.1,34262.784,2.0
3139,06/08/2017,0.0,26.26,31.7,33938.784,2.0
3140,07/08/2017,0.0,26.26,30.4,32642.784,2.0
3141,08/08/2017,0.0,26.24,30.5,31410.72,2.0
3142,09/08/2017,0.0,26.25,31.0,30893.184,1.9
3143,10/08/2017,0.0,26.27,30.1,30658.176,2.0
3144,11/08/2017,0.0,26.29,25.4,30432.672,1.9
3145,12/08/2017,5.2,26.11,20.2,24271.488,2.0
3146,13/08/2017,0.0,25.97,22.5,23169.024,2.2
3147,14/08/2017,0.0,25.95,25.2,25388.64,2.3
3148,15/08/2017,0.0,26.02,26.6,24094.368,2.3
3149,16/08/2017,0.0,26.07,27.9,28798.848,2.2
3150,17/08/2017,0.0,26.16,28.1,30312.576,2.1
3151,18/08/2017,0.0,26.23,29.3,31642.272,2.1
3152,19/08/2017,0.0,26.3,28.8,31595.616,2.1
3153,20/08/2017,0.0,26.31,26.0,28965.6,2.2
3154,21/08/2017,0.0,26.36,23.4,29627.424,2.2
3155,22/08/2017,0.0,26.37,23.1,29738.88,2.2
3156,23/08/2017,0.0,26.41,24.8,30348.864,2.2
3157,24/08/2017,0.0,26.46,27.0,30253.824,2.2
3158,25/08/2017,0.0,26.5,27.5,31479.84,2.2
3159,26/08/2017,0.0,26.54,28.6,31570.56,2.2
3160,27/08/2017,0.0,26.55,29.0,31154.112,2.2
3161,28/08/2017,0.0,26.55,28.8,31093.632,2.2
3162,29/08/2017,0.0,26.61,26.9,31110.048,2.2
3163,30/08/2017,0.0,26.64,27.0,32170.176,2.2
3164,31/08/2017,0.0,26.66,28.0,31636.224,2.2
3165,01/09/2017,17.2,26.65,23.7,29069.28,2.3
3166,02/09/2017,1.2,26.54,22.8,27811.296,2.4
3167,03/09/2017,0.0,26.53,17.9,28283.04,2.4
3168,04/09/2017,0.0,26.71,19.5,31845.312,2.4
3169,05/09/2017,0.0,26.65,22.4,28804.896,2.4
3170,06/09/2017,0.0,26.63,23.0,29684.448,2.3
3171,07/09/2017,0.0,26.59,23.9,28224.288,2.3
3172,08/09/2017,0.0,26.58,22.6,29154.816,2.3
3173,09/09/2017,0.0,26.57,20.9,29907.36,2.3
3174,10/09/2017,39.4,26.48,19.0,26416.8,2.4
3175,11/09/2017,1.6,26.4,19.2,26102.304,2.5
3176,12/09/2017,1.8,26.5,19.8,28798.848,2.5
3177,13/09/2017,0.0,26.56,19.6,27629.856,2.4
3178,14/09/2017,0.0,26.53,20.5,28759.968,2.4
3179,15/09/2017,0.0,26.5,22.2,28169.856,2.3
3180,16/09/2017,14.4,26.49,22.1,22945.248,2.4
3181,17/09/2017,1.8,26.55,17.9,28130.976,2.4
3182,18/09/2017,3.6,26.57,17.5,28685.664,2.5
3183,19/09/2017,14.6,26.53,15.9,28108.512,2.4
3184,20/09/2017,0.0,26.53,14.3,27142.56,2.5
3185,21/09/2017,0.0,26.57,15.0,28909.44,2.4
3186,22/09/2017,0.0,26.6,16.3,29146.176,2.4
3187,23/09/2017,0.0,26.6,17.1,28899.072,2.4
3188,24/09/2017,0.0,26.59,16.3,28621.728,2.3
3189,25/09/2017,0.0,26.6,15.7,29187.648,2.3
3190,26/09/2017,0.0,26.61,16.9,28683.936,2.3
3191,27/09/2017,0.0,26.63,17.4,29490.912,2.3
3192,28/09/2017,0.0,26.63,17.5,28548.288,2.3
3193,29/09/2017,0.0,26.65,17.7,29107.296,2.3
3194,30/09/2017,0.0,26.67,16.6,28473.984,2.3
3195,01/10/2017,0.0,26.7,16.3,27598.752,2.3
3196,02/10/2017,0.0,26.71,18.5,28562.112,2.3
3197,03/10/2017,0.0,26.69,17.7,28429.056,2.3
3198,04/10/2017,0.0,26.73,19.5,29839.104,2.3
3199,05/10/2017,0.0,26.73,18.7,29864.16,2.3
3200,06/10/2017,4.6,26.75,18.3,30102.624,2.3
3201,07/10/2017,0.0,26.84,14.8,28058.4,2.3
3202,08/10/2017,0.0,26.83,13.8,28766.88,2.3
3203,09/10/2017,0.0,26.81,16.5,27530.496,2.3
3204,10/10/2017,0.0,26.86,16.0,28498.176,2.3
3205,11/10/2017,0.0,26.95,15.6,29659.392,2.3
3206,12/10/2017,0.0,26.97,15.4,29722.464,2.3
3207,13/10/2017,0.0,26.99,15.3,29742.336,2.3
3208,14/10/2017,0.0,27.01,15.9,29496.96,2.3
3209,15/10/2017,0.0,27.04,15.5,29612.736,2.2
3210,16/10/2017,0.0,27.01,15.2,28367.712,2.2
3211,17/10/2017,0.0,27.03,15.3,29858.112,2.2
3212,18/10/2017,0.0,27.01,14.4,28850.688,2.3
3213,19/10/2017,0.0,27.02,13.7,29069.28,2.2
3214,20/10/2017,0.0,27.04,14.4,28913.76,2.2
3215,21/10/2017,0.0,27.06,15.1,28376.352,2.3
3216,22/10/2017,12.0,26.97,15.7,26892.0,2.3
3217,23/10/2017,0.4,26.98,11.9,26231.904,2.4
3218,24/10/2017,0.0,27.06,10.8,28118.88,2.5
3219,25/10/2017,0.0,27.1,14.9,28028.16,2.4
3220,26/10/2017,0.0,27.11,13.0,28278.72,2.4
3221,27/10/2017,0.0,27.1,13.0,28805.76,2.4
3222,28/10/2017,0.0,27.09,14.0,28029.888,2.3
3223,29/10/2017,0.0,27.06,11.7,28376.352,2.4
3224,30/10/2017,0.0,27.13,12.7,28633.824,2.4
3225,31/10/2017,0.0,27.23,11.5,30543.264,2.4
3226,01/11/2017,0.0,27.29,9.6,30657.312,2.3
3227,02/11/2017,0.0,27.26,10.2,29096.064,2.4
3228,03/11/2017,2.8,27.22,14.6,29490.912,2.4
3229,04/11/2017,0.2,27.22,13.4,28689.12,2.4
3230,05/11/2017,8.6,27.19,12.9,28832.544,2.5
3231,06/11/2017,11.6,27.21,13.4,29649.024,2.5
3232,07/11/2017,0.8,27.38,9.9,29100.384,2.6
3233,08/11/2017,0.0,27.42,8.5,31033.152,2.6
3234,09/11/2017,1.2,27.42,10.9,30669.408,2.6
3235,10/11/2017,0.0,27.34,11.2,27562.464,2.5
3236,11/11/2017,0.0,27.38,7.2,29280.096,2.5
3237,12/11/2017,1.6,27.35,8.5,28791.936,2.5
3238,13/11/2017,8.0,27.28,9.9,28535.328,2.6
3239,14/11/2017,2.4,27.36,8.9,26339.904,2.7
3240,15/11/2017,1.4,27.41,9.6,28248.48,2.8
3241,16/11/2017,0.0,27.42,10.6,29355.264,2.9
3242,17/11/2017,0.0,27.45,10.0,29700.864,2.8
3243,18/11/2017,0.0,27.47,9.5,29772.576,2.7
3244,19/11/2017,0.0,27.46,6.0,31340.736,2.7
3245,20/11/2017,0.0,27.56,6.3,31707.936,2.6
3246,21/11/2017,0.0,27.5,6.5,27095.904,2.6
3247,22/11/2017,0.0,27.46,9.3,26296.704,2.6
3248,23/11/2017,0.0,27.48,11.1,28593.216,2.6
3249,24/11/2017,0.0,27.5,10.6,28264.896,2.6
3250,25/11/2017,1.4,27.46,13.2,28796.256,2.6
3251,26/11/2017,6.0,27.43,9.7,24959.232,2.7
3252,27/11/2017,0.0,27.53,5.7,27445.824,2.8
3253,28/11/2017,0.0,27.5,3.2,28029.024,2.7
3254,29/11/2017,23.0,27.46,8.5,28663.2,2.8
3255,30/11/2017,5.2,27.48,6.0,28029.888,3.0
3256,01/12/2017,0.2,27.56,2.1,27842.4,3.0
3257,02/12/2017,0.2,27.6,4.9,30089.664,2.8
3258,03/12/2017,0.0,27.65,6.0,28219.104,2.8
3259,04/12/2017,0.0,27.7,4.5,29447.712,2.7
3260,05/12/2017,0.0,27.83,1.7,30931.2,2.7
3261,06/12/2017,0.0,27.8,2.4,29731.104,2.7
3262,07/12/2017,0.0,27.72,6.8,29230.848,2.7
3263,08/12/2017,1.6,27.58,10.2,27345.6,2.7
3264,09/12/2017,3.0,27.56,5.1,26968.896,2.8
3265,10/12/2017,0.4,27.64,1.8,26516.16,2.8
3266,11/12/2017,2.4,27.59,13.4,29166.912,2.8
3267,12/12/2017,24.4,27.65,12.5,27477.792,2.9
3268,13/12/2017,23.2,27.71,7.5,30755.808,3.2
3269,14/12/2017,0.6,27.69,9.6,30601.152,3.0
3270,15/12/2017,25.2,27.65,11.1,30333.312,3.2
3271,16/12/2017,8.6,27.7,6.5,29332.8,3.4
3272,17/12/2017,0.2,27.78,4.2,28336.608,3.2
3273,18/12/2017,0.0,27.77,1.3,29419.2,3.0
3274,19/12/2017,0.0,27.78,0.3,30103.488,2.9
3275,20/12/2017,0.0,27.75,1.3,30414.528,2.8
3276,21/12/2017,0.0,27.7,4.3,29490.912,2.8
3277,22/12/2017,0.0,27.63,5.3,28772.064,2.7
3278,23/12/2017,0.0,27.61,6.9,27809.568,2.7
3279,24/12/2017,0.0,27.54,2.5,26432.352,2.7
3280,25/12/2017,0.0,27.48,3.3,23079.168,2.7
3281,26/12/2017,0.0,27.23,6.8,22126.176,2.7
3282,27/12/2017,44.6,27.15,8.6,24538.464,3.1
3283,28/12/2017,3.4,27.31,5.6,31731.264,3.6
3284,29/12/2017,0.2,27.45,4.4,26441.856,3.1
3285,30/12/2017,0.0,27.41,4.2,26181.792,3.0
3286,31/12/2017,0.0,27.48,8.1,20026.656,2.9
3287,01/01/2018,5.4,27.31,9.3,23171.616,3.0
3288,02/01/2018,3.2,27.32,7.2,26502.336,3.0
3289,03/01/2018,0.6,27.34,4.0,27344.736,2.9
3290,04/01/2018,0.2,27.29,8.4,26391.744,2.9
3291,05/01/2018,0.0,27.24,9.9,24352.704,2.9
3292,06/01/2018,0.0,27.24,10.2,24043.392,2.8
3293,07/01/2018,0.0,27.23,6.4,24069.312,2.8
3294,08/01/2018,0.0,27.29,8.0,28096.416,2.8
3295,09/01/2018,14.2,27.23,9.3,24057.216,2.8
3296,10/01/2018,0.2,27.26,6.2,27784.512,2.9
3297,11/01/2018,4.4,27.21,7.0,26662.176,2.9
3298,12/01/2018,0.0,27.26,9.5,28339.2,2.8
3299,13/01/2018,0.0,27.25,7.4,26862.624,2.8
3300,14/01/2018,0.0,27.21,6.8,25867.296,2.8
3301,15/01/2018,0.0,27.26,5.7,28877.472,2.8
3302,16/01/2018,1.4,27.19,9.9,28195.776,2.8
3303,17/01/2018,1.2,27.09,9.9,26767.584,2.8
3304,18/01/2018,0.0,27.21,4.1,26811.648,2.8
3305,19/01/2018,0.0,27.12,10.0,26682.048,2.8
3306,20/01/2018,0.0,27.17,7.9,28050.624,2.8
3307,21/01/2018,1.0,27.13,10.3,27785.376,2.7
3308,22/01/2018,0.0,27.21,5.5,28964.736,2.7
3309,23/01/2018,0.0,27.26,7.8,28800.576,2.7
3310,24/01/2018,0.0,27.31,5.4,29072.736,2.7
3311,25/01/2018,0.0,27.26,5.9,29918.592,2.7
3312,26/01/2018,0.0,27.2,7.8,28167.264,2.7
3313,27/01/2018,0.0,27.24,9.5,28374.624,2.7
3314,28/01/2018,0.0,27.26,6.4,26619.84,2.6
3315,29/01/2018,0.0,27.14,3.9,24722.496,2.6
3316,30/01/2018,0.0,27.12,5.9,27647.136,2.6
3317,31/01/2018,0.0,27.05,8.3,25566.624,2.6
3318,01/02/2018,2.6,26.95,9.9,25446.528,2.7
3319,02/02/2018,21.4,26.88,10.1,24165.216,2.8
3320,03/02/2018,21.2,26.98,6.9,28905.12,3.6
3321,04/02/2018,0.2,27.09,4.4,27082.944,3.5
3322,05/02/2018,0.0,27.12,4.3,28714.176,3.1
3323,06/02/2018,0.0,27.04,5.9,28060.128,3.0
3324,07/02/2018,4.0,27.03,6.5,28368.576,2.9
3325,08/02/2018,0.0,27.09,7.0,27389.664,2.9
3326,09/02/2018,0.2,27.05,7.0,26457.408,2.8
3327,10/02/2018,0.0,27.0,4.8,27581.472,2.8
3328,11/02/2018,0.0,27.0,5.3,26827.2,2.8
3329,12/02/2018,2.2,26.94,3.6,25289.28,2.8
3330,13/02/2018,0.0,26.98,3.9,26660.448,2.7
3331,14/02/2018,0.0,26.96,1.9,25471.584,2.7
3332,15/02/2018,0.0,27.02,3.0,27426.816,2.7
3333,16/02/2018,0.0,27.01,3.9,27252.288,2.7
3334,17/02/2018,2.6,27.0,5.4,27745.632,2.7
3335,18/02/2018,18.2,26.86,8.3,26021.088,2.8
3336,19/02/2018,0.0,26.94,7.2,28785.024,2.9
3337,20/02/2018,0.0,26.85,5.5,25994.304,2.8
3338,21/02/2018,0.8,26.87,5.3,28531.872,2.8
3339,22/02/2018,4.8,26.86,5.1,26568.864,2.8
3340,23/02/2018,3.2,26.89,6.7,28843.776,2.8
3341,24/02/2018,0.0,26.86,10.6,26261.28,2.9
3342,25/02/2018,0.0,26.73,4.1,21529.152,2.9
3343,26/02/2018,0.0,26.67,-2.0,22504.608,2.9
3344,27/02/2018,0.0,26.72,-3.7,26655.264,2.8
3345,28/02/2018,0.0,26.91,-1.7,30161.376,2.8
3346,01/03/2018,14.2,26.89,0.8,30799.008,2.9
3347,02/03/2018,7.8,26.84,6.4,31477.248,3.2
3348,03/03/2018,29.0,26.89,7.3,31806.432,3.6
3349,04/03/2018,1.6,26.84,10.1,27018.144,3.6
3350,05/03/2018,11.0,26.6,7.9,22559.04,3.2
3351,06/03/2018,13.8,26.57,8.2,23457.6,3.3
3352,07/03/2018,7.2,26.67,9.3,25627.104,3.3
3353,08/03/2018,2.6,26.71,9.9,25265.952,3.5
3354,09/03/2018,0.0,26.7,11.0,25654.752,3.2
3355,10/03/2018,0.0,26.62,9.8,23794.56,3.1
3356,11/03/2018,15.0,26.46,12.7,22961.664,3.1
3357,12/03/2018,15.0,26.35,11.4,21615.552,3.7
3358,13/03/2018,0.6,26.45,11.1,26003.808,3.5
3359,14/03/2018,0.0,26.48,11.0,25569.216,3.2
3360,15/03/2018,1.6,26.39,10.0,25093.152,3.2
3361,16/03/2018,9.4,26.29,13.0,23964.768,3.4
3362,17/03/2018,10.6,26.24,10.5,25213.248,3.3
3363,18/03/2018,14.4,26.14,8.4,21860.928,3.4
3364,19/03/2018,12.6,26.1,7.1,22671.36,3.8
3365,20/03/2018,1.6,26.06,7.3,23627.808,3.7
3366,21/03/2018,1.0,26.12,5.0,25619.328,3.4
3367,22/03/2018,0.0,25.98,4.7,24003.648,3.2
3368,23/03/2018,0.0,25.88,5.2,25065.504,3.1
3369,24/03/2018,0.0,25.84,6.0,26403.84,3.1
3370,25/03/2018,0.0,25.77,6.9,25627.104,3.0
3371,26/03/2018,0.0,25.71,10.0,25315.2,3.0
3372,27/03/2018,0.0,25.65,9.5,25320.384,2.9
3373,28/03/2018,0.0,25.49,12.0,24187.68,2.9
3374,29/03/2018,0.0,25.48,14.3,27865.728,2.9
3375,30/03/2018,6.0,25.4,14.6,26807.328,2.9
3376,31/03/2018,16.4,25.29,12.1,27455.328,3.0
3377,01/04/2018,1.8,25.27,10.4,24365.664,3.2
3378,02/04/2018,0.0,25.12,11.4,24358.752,3.1
3379,03/04/2018,0.0,25.07,13.2,25691.04,3.0
3380,04/04/2018,0.6,25.06,12.2,26226.72,3.0
3381,05/04/2018,12.8,24.97,13.3,27501.12,3.1
3382,06/04/2018,0.0,24.99,12.8,28766.88,3.1
3383,07/04/2018,0.0,24.94,13.8,29989.44,3.0
3384,08/04/2018,0.0,24.89,15.6,30489.696,2.9
3385,09/04/2018,13.6,24.72,13.0,26801.28,3.1
3386,10/04/2018,0.0,24.7,14.9,26616.384,3.2
3387,11/04/2018,0.6,24.62,13.7,26930.016,3.0
3388,12/04/2018,8.2,24.52,13.9,25582.176,3.0
3389,13/04/2018,0.0,24.5,14.7,26561.952,3.0
3390,14/04/2018,0.0,24.48,14.8,27416.448,2.9
3391,15/04/2018,0.0,24.34,16.7,26335.584,2.9
3392,16/04/2018,0.0,24.29,16.5,26275.968,2.9
3393,17/04/2018,0.0,24.43,16.7,29925.504,2.9
3394,18/04/2018,0.0,24.4,17.4,27198.72,2.8
3395,19/04/2018,0.0,24.33,18.9,28290.816,2.8
3396,20/04/2018,0.0,24.28,19.4,29045.952,2.8
3397,21/04/2018,0.0,24.23,19.3,29271.456,2.8
3398,22/04/2018,0.0,24.24,18.8,29999.808,2.7
3399,23/04/2018,0.0,24.25,19.2,30446.496,2.7
3400,24/04/2018,0.0,24.28,18.9,30539.808,2.7
3401,25/04/2018,0.0,24.12,18.9,27529.632,2.7
3402,26/04/2018,0.0,24.12,18.8,29337.12,2.7
3403,27/04/2018,0.0,24.04,19.6,28382.4,2.7
3404,28/04/2018,0.0,24.05,21.0,29642.112,2.7
3405,29/04/2018,0.0,24.0,22.0,28619.136,2.6
3406,30/04/2018,0.0,23.99,18.6,28112.832,2.6
3407,01/05/2018,0.0,23.9,14.0,26201.664,2.6
3408,02/05/2018,0.6,23.79,17.9,27274.752,2.6
3409,03/05/2018,7.8,23.76,17.6,27503.712,2.7
3410,04/05/2018,1.6,23.81,18.4,28121.472,2.7
3411,05/05/2018,0.0,23.82,18.3,28204.416,2.7
3412,06/05/2018,3.0,23.79,17.4,25881.12,2.7
3413,07/05/2018,0.2,23.72,18.7,27438.048,2.6
3414,08/05/2018,32.2,23.69,17.7,27489.888,2.6
3415,09/05/2018,3.6,23.65,16.0,26484.192,2.6
3416,10/05/2018,0.2,23.81,18.3,31529.088,2.7
3417,11/05/2018,0.0,23.84,18.9,32652.288,2.7
3418,12/05/2018,0.0,23.8,18.9,30164.832,2.6
3419,13/05/2018,1.0,23.69,19.0,27933.12,2.6
3420,14/05/2018,6.8,23.62,15.1,27222.048,2.6
3421,15/05/2018,3.0,23.54,12.5,24549.696,2.6
3422,16/05/2018,1.4,23.56,14.0,26752.032,2.7
3423,17/05/2018,0.0,23.52,16.2,26755.488,2.6
3424,18/05/2018,0.0,23.47,18.0,27050.112,2.6
3425,19/05/2018,0.0,23.51,19.0,28453.248,2.6
3426,20/05/2018,0.0,23.47,19.4,26660.448,2.6
3427,21/05/2018,15.4,23.47,18.8,27991.872,2.5
3428,22/05/2018,1.2,23.45,20.2,27140.832,2.6
3429,23/05/2018,2.0,23.41,18.8,26470.368,2.6
3430,24/05/2018,0.0,23.35,20.5,25989.12,2.5
3431,25/05/2018,0.0,23.37,22.6,28594.944,2.5
3432,26/05/2018,0.0,23.38,23.6,27735.264,2.5
3433,27/05/2018,0.0,23.36,23.3,27821.664,2.5
3434,28/05/2018,0.0,23.37,23.6,26922.24,2.5
3435,29/05/2018,0.0,23.33,24.1,27468.288,2.5
3436,30/05/2018,0.8,23.35,22.2,28516.32,2.5
3437,31/05/2018,0.0,23.33,22.7,27699.84,2.5
3438,01/06/2018,0.0,23.38,23.1,29243.808,2.4
3439,02/06/2018,0.0,23.4,23.0,29714.688,2.4
3440,03/06/2018,0.0,23.41,24.5,29752.704,2.4
3441,04/06/2018,0.0,23.39,24.1,29688.768,2.4
3442,05/06/2018,0.8,23.41,21.8,29824.416,2.4
3443,06/06/2018,0.0,23.49,22.7,30821.472,2.4
3444,07/06/2018,0.0,23.51,25.1,31229.28,2.4
3445,08/06/2018,11.8,23.45,20.2,28752.192,2.5
3446,09/06/2018,4.2,23.38,21.4,27670.464,2.5
3447,10/06/2018,0.0,23.34,23.3,27278.208,2.4
3448,11/06/2018,0.0,23.38,25.6,30062.88,2.4
3449,12/06/2018,32.0,23.42,24.8,30519.936,2.3
3450,13/06/2018,10.6,23.38,18.8,27493.344,2.4
3451,14/06/2018,0.2,23.25,21.1,25203.744,2.4
3452,15/06/2018,0.0,23.28,21.1,26888.544,2.3
3453,16/06/2018,0.0,23.3,22.7,27527.904,2.3
3454,17/06/2018,0.0,23.31,23.2,27077.76,2.3
3455,18/06/2018,0.0,23.37,23.4,29947.968,2.3
3456,19/06/2018,0.0,23.44,24.7,30095.712,2.3
3457,20/06/2018,0.0,23.47,25.5,29630.88,2.2
3458,21/06/2018,0.0,23.52,25.4,29963.52,2.2
3459,22/06/2018,8.6,23.53,22.8,30703.104,2.3
3460,23/06/2018,0.0,23.51,21.4,28491.264,2.3
3461,24/06/2018,0.0,23.42,21.8,26220.672,2.2
3462,25/06/2018,0.0,23.41,20.5,27425.952,2.2
3463,26/06/2018,0.0,23.43,20.4,27513.216,2.2
3464,27/06/2018,0.0,23.48,20.7,28959.552,2.2
3465,28/06/2018,0.0,23.55,21.2,30454.272,2.2
3466,29/06/2018,0.0,23.56,23.1,30102.624,2.2
3467,30/06/2018,0.0,23.61,26.1,30836.16,2.2
3468,01/07/2018,0.0,23.73,27.3,33232.032,2.2
3469,02/07/2018,0.0,23.75,26.6,32312.736,2.2
3470,03/07/2018,0.0,23.84,27.6,33462.72,2.2
3471,04/07/2018,0.0,23.94,27.7,33823.872,2.2
3472,05/07/2018,0.0,24.05,27.7,28035.072,2.2
3473,06/07/2018,0.0,24.15,25.2,34285.248,2.1
3474,07/07/2018,0.0,24.17,24.0,30074.112,2.2
3475,08/07/2018,0.0,24.09,24.9,27083.808,2.2
3476,09/07/2018,0.0,24.12,25.2,30501.792,2.2
3477,10/07/2018,0.0,24.18,25.2,30989.088,2.1
3478,11/07/2018,0.0,24.22,26.4,31028.832,2.2
3479,12/07/2018,0.0,24.26,26.3,30566.592,2.2
3480,13/07/2018,0.0,24.34,27.3,31662.144,2.2
3481,14/07/2018,0.0,24.34,28.6,29580.768,2.1
3482,15/07/2018,0.0,24.34,29.2,31646.592,2.1
3483,16/07/2018,3.0,24.37,26.3,31812.48,2.0
3484,17/07/2018,2.6,24.42,24.3,31520.448,2.1
3485,18/07/2018,0.0,24.4,26.3,29604.096,2.1
3486,19/07/2018,0.0,24.43,27.5,30868.128,2.1
3487,20/07/2018,0.0,24.47,27.7,30983.04,2.1
3488,21/07/2018,0.0,24.5,26.3,31071.168,2.1
3489,22/07/2018,0.0,24.53,26.6,30064.608,2.1
3490,23/07/2018,0.2,24.58,24.1,30489.696,2.1
3491,24/07/2018,0.0,24.59,25.8,30657.312,2.1
3492,25/07/2018,0.0,24.62,25.8,31039.2,2.1
3493,26/07/2018,10.4,24.7,23.9,31010.688,2.1
3494,27/07/2018,0.2,24.7,25.5,30395.52,2.1
3495,28/07/2018,0.0,24.72,27.2,31053.888,2.1
3496,29/07/2018,0.0,24.74,27.8,29611.008,2.1
3497,30/07/2018,0.0,24.79,29.3,31179.168,2.1
3498,31/07/2018,0.0,24.86,29.2,31522.176,2.0
3499,01/08/2018,0.0,24.94,29.7,31684.608,2.0
3500,02/08/2018,0.0,25.0,29.2,33127.488,2.0
3501,03/08/2018,0.0,25.12,27.9,25653.024,2.0
3502,04/08/2018,0.0,25.16,26.6,34227.36,2.0
3503,05/08/2018,0.0,25.06,28.4,30379.104,2.0
3504,06/08/2018,0.0,25.0,28.2,32430.24,2.0
3505,07/08/2018,0.0,25.03,27.1,32028.48,2.0
3506,08/08/2018,1.4,25.05,25.1,32274.72,2.1
3507,09/08/2018,0.0,25.01,26.3,28873.152,2.3
3508,10/08/2018,0.0,25.05,28.2,30666.816,2.3
3509,11/08/2018,0.0,25.04,27.6,30672.0,2.2
3510,12/08/2018,0.0,24.99,27.7,28220.832,2.2
3511,13/08/2018,0.0,24.93,26.2,28887.84,2.2
3512,14/08/2018,17.2,24.79,22.4,26692.416,2.2
3513,15/08/2018,0.0,24.65,23.6,24166.944,2.2
3514,16/08/2018,0.0,24.69,25.2,28810.944,2.3
3515,17/08/2018,0.0,24.76,25.3,31074.624,2.2
3516,18/08/2018,0.0,24.86,24.4,32055.264,2.2
3517,19/08/2018,0.0,24.82,24.0,29452.032,2.2
3518,20/08/2018,0.0,24.84,25.6,31920.48,2.3
3519,21/08/2018,0.0,24.89,26.1,32810.4,2.2
3520,22/08/2018,19.4,24.95,22.0,32595.264,2.2
3521,23/08/2018,1.2,24.89,22.6,31883.328,2.3
3522,24/08/2018,0.0,24.85,24.5,30754.944,2.3
3523,25/08/2018,0.0,24.86,24.8,32064.768,2.3
3524,26/08/2018,1.4,24.89,20.7,30246.912,2.3
3525,27/08/2018,0.0,24.84,19.6,28975.968,2.4
3526,28/08/2018,0.0,24.86,22.0,29496.96,2.3
3527,29/08/2018,0.0,24.85,23.7,30588.192,2.3
3528,30/08/2018,0.0,24.91,25.0,31518.72,2.3
3529,31/08/2018,0.0,24.93,24.1,31542.912,2.2
3530,01/09/2018,0.0,24.89,23.7,29796.768,2.2
3531,02/09/2018,0.2,24.87,20.5,28263.168,2.2
3532,03/09/2018,0.0,24.87,20.8,30367.008,2.2
3533,04/09/2018,1.4,24.94,20.9,31930.848,2.3
3534,05/09/2018,0.0,24.97,22.5,32440.608,2.2
3535,06/09/2018,0.0,24.94,23.6,31810.752,2.2
3536,07/09/2018,1.2,24.97,22.9,31807.296,2.2
3537,08/09/2018,0.0,25.01,22.7,31593.888,2.2
3538,09/09/2018,0.0,25.02,23.9,31291.488,2.2
3539,10/09/2018,0.0,25.04,23.6,31918.752,2.2
3540,11/09/2018,0.0,25.09,23.5,31847.04,2.2
3541,12/09/2018,0.0,25.14,24.8,31827.168,2.2
3542,13/09/2018,0.0,25.14,22.3,30993.408,2.2
3543,14/09/2018,0.0,25.08,24.6,31187.808,2.2
3544,15/09/2018,0.0,25.19,24.7,31234.464,2.2
3545,16/09/2018,0.0,25.24,25.2,30821.472,2.2
3546,17/09/2018,7.6,25.18,23.0,31367.52,2.3
3547,18/09/2018,13.0,25.25,22.3,29403.648,2.4
3548,19/09/2018,0.2,25.28,21.9,29782.944,2.3
3549,20/09/2018,0.0,25.2,22.5,27522.72,2.3
3550,21/09/2018,0.0,25.19,23.3,30092.256,2.2
3551,22/09/2018,0.0,25.23,24.1,30729.888,2.2
3552,23/09/2018,0.0,25.26,23.7,30764.448,2.2
3553,24/09/2018,0.0,25.19,22.2,30357.504,2.2
3554,25/09/2018,0.0,25.26,17.7,29281.824,2.2
3555,26/09/2018,0.0,25.28,15.0,30205.44,2.2
3556,27/09/2018,0.0,25.26,15.6,31692.384,2.2
3557,28/09/2018,0.0,25.32,18.8,32057.856,2.2
3558,29/09/2018,0.0,25.37,19.0,31603.392,2.2
3559,30/09/2018,0.0,25.42,18.6,31752.864,2.2
3560,01/10/2018,46.8,25.38,14.9,30369.6,2.3
3561,02/10/2018,0.0,25.41,15.6,29639.52,2.4
3562,03/10/2018,0.0,25.49,16.3,32240.16,2.4
3563,04/10/2018,0.0,25.53,20.6,32048.352,2.3
3564,05/10/2018,0.0,25.53,18.3,31499.712,2.3
3565,06/10/2018,9.0,25.53,15.6,31480.704,2.3
3566,07/10/2018,2.2,25.53,17.6,31083.264,2.3
3567,08/10/2018,0.0,25.6,17.1,31502.304,2.3
3568,09/10/2018,0.0,25.6,18.1,30682.368,2.3
3569,10/10/2018,0.0,25.61,18.7,30987.36,2.3
3570,11/10/2018,0.0,25.6,17.8,29582.496,2.3
3571,12/10/2018,0.0,25.6,19.0,29308.608,2.3
3572,13/10/2018,0.0,25.65,17.0,31384.8,2.3
3573,14/10/2018,0.2,25.62,16.5,30168.288,2.3
3574,15/10/2018,0.0,25.62,16.5,29898.72,2.3
3575,16/10/2018,0.0,25.6,18.4,28599.264,2.3
3576,17/10/2018,0.0,25.59,19.4,29804.544,2.3
3577,18/10/2018,0.0,25.53,18.5,31011.552,2.3
3578,19/10/2018,0.0,25.55,17.9,30327.264,2.2
3579,20/10/2018,0.0,25.6,17.2,31236.192,2.2
3580,21/10/2018,5.0,25.58,13.7,30526.848,2.2
3581,22/10/2018,0.0,25.55,12.9,30688.416,2.3
3582,23/10/2018,0.0,25.55,14.9,30263.328,2.3
3583,24/10/2018,0.0,25.52,12.4,30482.784,2.3
3584,25/10/2018,0.0,25.55,15.4,30890.592,2.3
3585,26/10/2018,0.0,25.52,17.4,29377.728,2.3
3586,27/10/2018,2.8,25.45,19.5,29718.144,2.3
3587,28/10/2018,40.2,25.43,17.7,28054.08,2.4
3588,29/10/2018,9.0,25.42,18.5,29489.184,2.7
3589,30/10/2018,3.0,25.5,12.8,28342.656,2.6
3590,31/10/2018,0.0,25.54,12.5,28627.776,2.5
3591,01/11/2018,17.6,25.4,14.3,25102.656,2.5
3592,02/11/2018,3.8,25.36,15.1,26192.16,2.6
3593,03/11/2018,0.2,25.44,16.1,27969.408,2.5
3594,04/11/2018,0.6,25.42,16.1,27913.248,2.5
3595,05/11/2018,0.6,25.42,14.1,27807.84,2.5
3596,06/11/2018,0.0,25.45,15.0,28521.504,2.4
3597,07/11/2018,0.0,25.47,13.3,28266.624,2.4
3598,08/11/2018,0.0,25.52,11.9,29144.448,2.4
3599,09/11/2018,0.0,25.51,10.0,29964.384,2.4
3600,10/11/2018,0.0,25.51,10.0,29834.784,2.4
3601,11/11/2018,0.0,25.52,9.6,27842.4,2.4
3602,12/11/2018,0.2,25.56,9.0,28749.6,2.4
3603,13/11/2018,0.2,25.58,8.7,29268.0,2.4
3604,14/11/2018,0.2,25.61,8.2,31072.896,2.4
3605,15/11/2018,0.2,25.62,9.9,30595.968,2.4
3606,16/11/2018,0.0,25.69,11.8,28549.152,2.4
3607,17/11/2018,0.0,25.73,10.3,30047.328,2.4
3608,18/11/2018,0.0,25.7,8.8,29082.24,2.4
3609,19/11/2018,1.0,25.66,5.3,27774.144,2.5
3610,20/11/2018,20.0,25.66,8.3,28824.768,2.5
3611,21/11/2018,1.2,25.78,10.2,30273.696,2.6
3612,22/11/2018,1.6,25.81,11.7,28886.976,2.6
3613,23/11/2018,1.2,25.81,9.5,28281.312,2.6
3614,24/11/2018,10.0,25.72,10.9,27539.136,2.5
3615,25/11/2018,9.0,25.63,12.4,28327.968,2.8
3616,26/11/2018,14.0,25.67,9.4,30104.352,2.9
3617,27/11/2018,0.0,25.76,9.4,28502.496,2.8
3618,28/11/2018,0.0,25.93,7.9,30878.496,2.7
3619,29/11/2018,0.0,25.95,7.2,30060.288,2.6
3620,30/11/2018,0.0,25.93,4.7,30325.536,2.6
3621,01/12/2018,3.6,25.81,8.3,26485.056,2.6
3622,02/12/2018,0.0,25.86,3.8,27618.624,2.6
3623,03/12/2018,0.2,25.78,10.3,26634.528,2.6
3624,04/12/2018,0.0,25.81,12.7,29456.352,2.5
3625,05/12/2018,0.2,26.04,7.4,32865.696,2.5
3626,06/12/2018,0.0,26.06,8.5,32798.304,2.5
3627,07/12/2018,0.0,26.05,6.7,29330.208,2.5
3628,08/12/2018,1.4,25.9,10.8,25849.152,2.5
3629,09/12/2018,0.0,25.87,7.0,25980.48,2.6
3630,10/12/2018,0.0,25.96,4.9,28352.16,2.5
3631,11/12/2018,0.2,25.96,2.2,26381.376,2.5
3632,12/12/2018,0.0,26.02,0.9,27186.624,2.5
3633,13/12/2018,5.2,25.97,3.2,27658.368,2.5
3634,14/12/2018,4.6,25.99,5.2,28155.168,2.6
3635,15/12/2018,0.0,26.02,3.4,28529.28,2.6
3636,16/12/2018,18.6,26.07,1.6,28545.696,2.6
3637,17/12/2018,7.2,26.01,4.8,27945.216,2.9
3638,18/12/2018,0.0,26.18,5.5,30710.016,2.9
3639,19/12/2018,0.0,26.18,1.6,29588.544,2.8
3640,20/12/2018,3.4,26.11,7.3,28404.0,2.8
3641,21/12/2018,0.0,26.17,7.7,29347.488,2.8
3642,22/12/2018,0.0,26.16,12.0,29392.416,2.8
3643,23/12/2018,0.0,26.1,11.4,27851.904,2.8
3644,24/12/2018,0.0,26.12,10.8,29149.632,2.7
3645,25/12/2018,0.0,26.16,8.1,24909.12,2.7
3646,26/12/2018,0.0,26.13,2.4,24902.208,2.7
3647,27/12/2018,0.0,26.13,1.6,27994.464,2.6
3648,28/12/2018,0.0,26.16,2.4,28463.616,2.6
3649,29/12/2018,0.0,26.17,4.7,29052.0,2.6
3650,30/12/2018,0.0,26.21,4.0,29767.392,2.6
3651,31/12/2018,0.2,26.26,2.8,30735.936,2.6
3652,01/01/2019,0.0,26.33,7.2,27783.648,2.6
3653,02/01/2019,0.0,26.21,4.7,30201.984,2.6
3654,03/01/2019,0.0,26.37,2.0,30485.376,2.6
3655,04/01/2019,0.0,26.41,0.0,29814.912,2.5
3656,05/01/2019,0.0,26.39,0.2,30827.52,2.5
3657,06/01/2019,0.0,26.36,1.3,28928.448,2.5
3658,07/01/2019,0.0,26.43,-0.3,30411.072,2.5
3659,08/01/2019,0.0,26.37,1.2,29890.944,2.5
3660,09/01/2019,0.6,26.29,5.5,30144.96,2.6
3661,10/01/2019,0.6,26.35,4.0,29044.224,2.5
3662,11/01/2019,0.2,26.46,2.2,29954.016,2.5
3663,12/01/2019,0.0,26.49,0.2,30151.872,2.5
3664,13/01/2019,0.0,26.41,4.7,29706.912,2.5
3665,14/01/2019,0.0,26.37,7.0,29914.272,2.5
3666,15/01/2019,0.0,26.49,3.0,27749.088,2.5
3667,16/01/2019,0.0,26.63,3.9,30900.96,2.5
3668,17/01/2019,3.4,26.51,6.9,27519.264,2.5
3669,18/01/2019,2.4,26.46,8.3,27726.624,2.6
3670,19/01/2019,0.8,26.5,5.3,28674.432,2.6
3671,20/01/2019,8.2,26.48,4.8,27678.24,2.6
3672,21/01/2019,6.6,26.51,5.3,28065.312,2.7
3673,22/01/2019,5.8,26.45,3.9,26208.576,2.7
3674,23/01/2019,5.8,26.39,4.7,27774.144,2.8
3675,24/01/2019,0.2,26.42,5.4,27564.192,2.8
3676,25/01/2019,0.0,26.49,4.5,26818.56,2.8
3677,26/01/2019,0.0,26.53,4.6,27551.232,2.8
3678,27/01/2019,1.0,26.47,4.3,27548.64,2.7
3679,28/01/2019,11.2,26.39,6.1,25582.176,2.9
3680,29/01/2019,0.4,26.49,2.6,26104.896,3.1
3681,30/01/2019,1.8,26.42,1.8,25640.064,2.9
3682,31/01/2019,2.4,26.48,5.2,27252.288,2.9
3683,01/02/2019,6.4,26.42,11.6,25480.224,2.9
3684,02/02/2019,33.6,26.41,10.3,26153.28,3.5
3685,03/02/2019,6.2,26.45,7.5,26208.576,3.6
3686,04/02/2019,0.0,26.64,7.5,28348.704,3.2
3687,05/02/2019,0.0,26.6,7.6,26589.6,2.9
3688,06/02/2019,0.0,26.56,8.5,25055.136,2.8
3689,07/02/2019,0.0,26.38,6.0,25641.792,2.8
3690,08/02/2019,0.0,26.33,6.3,26107.488,2.7
3691,09/02/2019,0.0,26.33,5.9,26383.104,2.7
3692,10/02/2019,0.0,26.24,10.3,25805.952,2.7
3693,11/02/2019,0.2,26.18,9.2,26299.296,2.6
3694,12/02/2019,0.0,26.28,5.5,24496.128,2.6
3695,13/02/2019,0.0,26.3,5.9,21166.272,2.6
3696,14/02/2019,0.0,26.3,10.0,28133.568,2.6
3697,15/02/2019,0.0,26.22,9.9,25914.816,2.6
3698,16/02/2019,0.0,26.23,8.4,28292.544,2.5
3699,17/02/2019,0.0,26.19,6.0,25739.424,2.5
3700,18/02/2019,0.0,26.14,6.0,26685.504,2.5
3701,19/02/2019,0.0,26.1,6.7,25316.928,2.5
3702,20/02/2019,0.0,26.1,6.2,26383.968,2.5
3703,21/02/2019,0.0,26.15,6.3,28707.264,2.5
3704,22/02/2019,0.0,26.16,7.8,28658.88,2.5
3705,23/02/2019,0.0,26.12,6.0,26394.336,2.5
3706,24/02/2019,0.0,26.12,5.2,25373.088,2.5
3707,25/02/2019,0.0,26.02,7.8,24421.824,2.5
3708,26/02/2019,0.0,26.02,11.6,26693.28,2.5
3709,27/02/2019,0.0,25.95,9.9,24217.056,2.5
3710,28/02/2019,0.0,25.95,9.7,25261.632,2.5
3711,01/03/2019,0.0,25.86,9.6,23944.896,2.5
3712,02/03/2019,0.0,25.9,10.7,26613.792,2.5
3713,03/03/2019,0.0,25.91,9.7,24503.04,2.5
3714,04/03/2019,0.0,25.85,10.8,24286.176,2.5
3715,05/03/2019,1.8,25.83,11.9,25006.752,2.5
3716,06/03/2019,0.0,25.93,10.4,26012.448,2.5
3717,07/03/2019,0.0,25.85,13.8,24736.32,2.5
3718,08/03/2019,0.0,25.89,13.6,27194.4,2.5
3719,09/03/2019,0.0,25.94,11.2,26714.016,2.4
3720,10/03/2019,0.0,25.9,10.6,26401.248,2.5
3721,11/03/2019,0.2,25.79,12.1,25339.392,2.4
3722,12/03/2019,0.0,25.88,8.6,25563.168,2.5
3723,13/03/2019,31.2,25.82,6.7,26383.104,2.5
3724,14/03/2019,0.2,25.87,9.9,29360.448,2.6
3725,15/03/2019,0.0,25.86,12.0,27632.448,2.5
3726,16/03/2019,0.0,25.88,11.5,26394.336,2.5
3727,17/03/2019,0.0,25.76,13.6,24353.568,2.5
3728,18/03/2019,0.4,25.18253355704698,12.4,23875.776,2.5
3729,19/03/2019,3.4,25.18253355704698,8.7,23631.264,2.5
3730,20/03/2019,0.0,25.18253355704698,9.7,25780.896,2.4
3731,21/03/2019,0.0,25.18253355704698,11.9,25949.376,2.4
3732,22/03/2019,0.0,25.18253355704698,12.6,26740.8,2.4
3733,23/03/2019,0.0,25.18253355704698,13.5,25994.304,2.4
3734,24/03/2019,0.0,25.18253355704698,13.9,26041.824,2.4
3735,25/03/2019,0.0,25.65,13.4,26205.984,2.4
3736,26/03/2019,0.0,25.68,9.5,25434.432,2.4
3737,27/03/2019,0.0,25.7,10.7,25956.288,2.4
3738,28/03/2019,0.0,25.88,10.4,27549.504,2.4
3739,29/03/2019,0.0,25.77,11.9,25652.16,2.5
3740,30/03/2019,0.0,25.74,11.0,26824.608,2.5
3741,31/03/2019,0.0,25.66,12.9,25042.176,2.5
3742,01/04/2019,0.0,25.66,14.0,25532.064,2.5
3743,02/04/2019,0.0,25.63,14.5,25024.896,2.5
3744,03/04/2019,0.0,25.61,13.7,24246.432,2.5
3745,04/04/2019,39.0,25.45,12.3,21847.968,2.6
3746,05/04/2019,0.6,25.53,8.6,23362.56,2.8
3747,06/04/2019,0.0,25.53,10.4,24618.816,2.7
3748,07/04/2019,0.2,25.49,12.7,23049.792,2.7
3749,08/04/2019,0.0,25.54,11.5,24941.088,2.6
3750,09/04/2019,2.0,25.53,13.9,24250.752,2.6
3751,10/04/2019,2.8,25.5,12.9,23519.808,2.6
3752,11/04/2019,17.2,25.55,11.5,25347.168,2.6
3753,12/04/2019,0.2,25.53,11.4,23854.176,2.6
3754,13/04/2019,0.0,25.58,11.4,25874.208,2.6
3755,14/04/2019,4.0,25.52,10.1,23392.8,2.6
3756,15/04/2019,0.0,25.48,12.0,23525.856,2.6
3757,16/04/2019,0.0,25.51,12.6,23752.224,2.6
3758,17/04/2019,0.0,25.53,14.5,23937.12,2.6
3759,18/04/2019,0.0,25.59,13.9,26929.152,2.6
3760,19/04/2019,0.0,25.63,14.7,25917.408,2.6
3761,20/04/2019,0.0,25.6,15.0,26402.112,2.6
3762,21/04/2019,0.0,25.52,15.9,23953.536,2.6
3763,22/04/2019,14.8,25.34,15.4,21811.68,2.6
3764,23/04/2019,4.2,25.38,15.7,23509.44,2.7
3765,24/04/2019,0.0,25.44,19.2,23925.024,2.7
3766,25/04/2019,0.0,25.49,18.8,23834.304,2.7
3767,26/04/2019,3.4,25.48,15.8,24395.904,2.7
3768,27/04/2019,0.0,25.51,15.6,25875.072,2.7
3769,28/04/2019,1.6,25.45,12.6,23531.904,2.6
3770,29/04/2019,0.0,25.45,9.8,24307.776,2.8
3771,30/04/2019,3.0,25.41,12.0,23199.264,2.7
3772,01/05/2019,0.0,25.4,14.1,22682.592,2.7
3773,02/05/2019,1.4,25.43,14.4,25046.496,2.7
3774,03/05/2019,0.0,25.42,15.8,25041.312,2.7
3775,04/05/2019,2.6,25.34,14.1,24399.36,2.7
3776,05/05/2019,19.6,25.34,11.0,23226.048,2.7
3777,06/05/2019,0.4,25.35,9.1,22749.984,2.7
3778,07/05/2019,0.0,25.44,12.4,24539.328,2.7
3779,08/05/2019,0.0,25.45,14.1,25536.384,2.7
3780,09/05/2019,0.0,25.54,16.0,25952.832,2.7
3781,10/05/2019,0.0,25.66,15.3,23467.104,2.7
3782,11/05/2019,0.4,25.79,16.2,25068.096,2.7
3783,12/05/2019,9.8,25.68,13.8,21199.968,2.7
3784,13/05/2019,5.2,25.72,12.7,22244.544,3.1
3785,14/05/2019,0.4,25.68,10.8,22441.536,3.3
3786,15/05/2019,0.2,25.69,10.2,24198.912,3.1
3787,16/05/2019,0.0,25.55,15.5,23844.672,3.0
3788,17/05/2019,0.0,25.56,16.7,24845.184,2.9
3789,18/05/2019,7.0,25.32,15.3,19471.968,2.9
3790,19/05/2019,8.8,25.16,14.0,16058.304,2.9
3791,20/05/2019,3.4,25.26,14.3,20280.672,3.1
3792,21/05/2019,6.8,25.3,14.8,21096.288,3.0
3793,22/05/2019,0.0,25.27,17.4,21007.296,2.9
3794,23/05/2019,0.0,25.38,18.2,23972.544,2.9
3795,24/05/2019,0.0,25.28,19.5,22003.488,2.9
3796,25/05/2019,21.0,25.28,18.4,22049.28,2.9
3797,26/05/2019,10.4,25.12,17.1,18142.272,2.9
3798,27/05/2019,23.2,25.09,16.8,18876.672,3.0
3799,28/05/2019,7.4,25.14,17.3,21126.528,3.3
3800,29/05/2019,1.4,25.17,16.9,21195.648,3.8
3801,30/05/2019,0.0,25.22,15.4,20933.856,3.3
3802,31/05/2019,0.0,25.21,17.1,22206.528,3.1
3803,01/06/2019,0.0,25.23,17.6,23565.6,2.9
3804,02/06/2019,0.0,25.15,20.9,21966.336,2.9
3805,03/06/2019,5.8,25.15,20.9,23765.184,3.0
3806,04/06/2019,0.0,25.27,21.4,26066.016,2.9
3807,05/06/2019,0.0,25.2,22.6,25331.616,2.8
3808,06/06/2019,0.0,25.3,22.2,27958.176,2.8
3809,07/06/2019,0.0,25.28,23.5,25418.88,2.7
3810,08/06/2019,0.0,25.32,26.1,26640.576,2.7
3811,09/06/2019,0.0,25.32,26.7,27231.552,2.7
3812,10/06/2019,0.0,25.31,26.5,28103.328,2.7
3813,11/06/2019,0.0,25.3,26.6,27533.088,2.7
3814,12/06/2019,0.0,25.38,25.4,28974.24,2.6
3815,13/06/2019,0.0,25.46,25.0,29641.248,2.6
3816,14/06/2019,0.0,25.46,27.4,27592.704,2.6
3817,15/06/2019,0.0,25.43,27.0,27321.408,2.6
3818,16/06/2019,0.0,25.4,24.9,23105.952,2.6
3819,17/06/2019,0.8,25.38,24.1,25289.28,2.5
3820,18/06/2019,0.0,25.32,25.9,25421.472,2.6
3821,19/06/2019,0.0,25.36,26.5,26954.208,2.5
3822,20/06/2019,0.0,25.41,26.0,27019.008,2.5
3823,21/06/2019,0.0,25.47,25.9,26724.384,2.5
3824,22/06/2019,2.0,25.43,25.2,24687.936,2.5
3825,23/06/2019,0.0,25.34,25.6,21544.704,2.5
3826,24/06/2019,0.0,25.45,25.9,26839.296,2.5
3827,25/06/2019,0.0,25.49,27.3,27661.824,2.5
3828,26/06/2019,0.0,25.51,28.3,27246.24,2.4
3829,27/06/2019,0.0,25.51,29.5,27076.032,2.4
3830,28/06/2019,0.0,25.55,29.7,-0.0,2.4
3831,29/06/2019,0.0,25.66,27.8,-0.0,2.4
3832,30/06/2019,0.0,25.71,27.1,-0.0,2.4
3833,01/07/2019,0.0,25.73,28.7,-0.0,2.4
3834,02/07/2019,0.0,25.74,29.3,-0.0,2.4
3835,03/07/2019,0.0,25.82,29.8,-0.0,2.4
3836,04/07/2019,0.0,26.0,29.0,-0.0,2.3
3837,05/07/2019,0.0,26.05,28.9,-0.0,2.4
3838,06/07/2019,0.0,26.08,29.1,28665.792,2.3
3839,07/07/2019,0.4,26.05,27.4,24560.928,2.3
3840,08/07/2019,6.8,26.02,28.1,26257.824,2.3
3841,09/07/2019,0.0,25.99,27.4,28170.72,2.3
3842,10/07/2019,0.0,25.97,23.4,28151.712,2.4
3843,11/07/2019,0.0,25.96,24.2,27737.856,2.4
3844,12/07/2019,8.8,25.99,23.9,-0.0,2.3
3845,13/07/2019,15.6,25.82,23.0,24003.648,2.5
3846,14/07/2019,0.0,25.71,23.6,-0.0,2.4
3847,15/07/2019,2.0,25.65,19.8,21509.28,2.3
3848,16/07/2019,0.6,25.62,22.3,24833.952,2.4
3849,17/07/2019,0.0,25.74,23.2,26127.36,2.3
3850,18/07/2019,0.0,25.89,25.3,30163.968,2.3
3851,19/07/2019,0.0,25.94,25.8,29457.216,2.3
3852,20/07/2019,0.0,25.97,26.8,28055.808,2.3
3853,21/07/2019,0.0,25.99,28.2,-0.0,2.3
3854,22/07/2019,0.0,26.04,28.3,30745.44,2.2
3855,23/07/2019,0.0,26.1,28.8,31887.648,2.2
3856,24/07/2019,0.0,26.12,29.4,28563.84,2.2
3857,25/07/2019,0.0,26.21,30.7,27596.16,2.2
3858,26/07/2019,0.0,26.23,30.5,27379.296,2.2
3859,27/07/2019,0.0,26.22,27.0,25782.624,2.2
3860,28/07/2019,60.2,25.87,20.8,18868.032,2.5
3861,29/07/2019,0.0,25.94,25.1,23241.6,2.6
3862,30/07/2019,0.0,25.88,26.0,23262.336,2.4
3863,31/07/2019,0.0,25.88,26.8,25113.888,2.4
3864,01/08/2019,0.0,26.06,26.5,-0.0,2.3
3865,02/08/2019,0.0,26.05,26.4,-0.0,2.3
3866,03/08/2019,0.0,25.99,25.2,-0.0,2.3
3867,04/08/2019,0.0,26.0,25.1,-0.0,2.3
3868,05/08/2019,0.0,26.06,26.6,-0.0,2.2
3869,06/08/2019,0.0,26.23,27.3,26579.232,2.2
3870,07/08/2019,0.0,26.24,27.3,28194.912,2.2
3871,08/08/2019,0.0,26.26,27.0,26107.488,2.2
3872,09/08/2019,0.0,26.28,28.9,29206.656,2.1
3873,10/08/2019,0.0,26.36,29.8,31053.888,2.2
3874,11/08/2019,0.0,26.34,29.9,27556.416,2.1
3875,12/08/2019,0.0,26.36,30.0,34611.84,2.1
3876,13/08/2019,0.0,26.43,29.4,33129.216,2.1
3877,14/08/2019,0.0,26.44,25.0,-0.0,2.1
3878,15/08/2019,0.0,26.31,24.8,-0.0,2.1
3879,16/08/2019,0.0,26.24,24.4,-0.0,2.1
3880,17/08/2019,0.0,26.26,25.1,27852.768,2.1
3881,18/08/2019,0.0,26.28,26.9,28326.24,2.1
3882,19/08/2019,0.0,26.3,27.3,-0.0,2.1
3883,20/08/2019,0.0,26.38,28.5,-0.0,2.1
3884,21/08/2019,0.0,26.47,28.6,-0.0,2.1
3885,22/08/2019,22.8,26.49,25.3,29336.256,2.1
3886,23/08/2019,6.2,26.32,23.5,25176.96,2.2
3887,24/08/2019,0.0,26.22,22.4,25495.776,2.3
3888,25/08/2019,0.0,26.21,24.0,25851.744,2.3
3889,26/08/2019,0.4,26.18,24.1,26147.232,2.4
3890,27/08/2019,0.0,26.24,26.0,28840.32,2.3
3891,28/08/2019,0.8,26.24,25.3,26744.256,2.3
3892,29/08/2019,0.0,26.19,25.4,26288.928,2.3
3893,30/08/2019,0.0,26.19,26.1,27554.688,2.4
3894,31/08/2019,0.0,26.22,23.8,28854.144,2.3
3895,01/09/2019,0.0,26.08,23.9,23889.6,2.4
3896,02/09/2019,0.4,26.17,22.9,28824.768,2.4
3897,03/09/2019,0.0,26.26,22.0,29589.408,2.5
3898,04/09/2019,0.0,26.22,22.1,27285.12,2.4
3899,05/09/2019,0.0,26.2,22.1,28123.2,2.3
3900,06/09/2019,0.0,26.22,22.0,28617.408,2.3
3901,07/09/2019,10.2,26.24,20.1,27872.64,2.3
3902,08/09/2019,0.0,26.2,20.6,27220.32,2.3
3903,09/09/2019,0.0,26.26,21.1,27912.384,2.4
3904,10/09/2019,0.0,26.38,20.5,29287.008,2.4
3905,11/09/2019,0.0,26.44,21.7,27168.48,2.3
3906,12/09/2019,0.0,26.46,20.8,27570.24,2.3
3907,13/09/2019,0.0,26.54,22.5,27331.776,2.2
3908,14/09/2019,0.0,26.55,22.3,28157.76,2.2
3909,15/09/2019,0.0,26.46,22.2,26091.072,2.2
3910,16/09/2019,0.0,26.49,23.0,27027.648,2.2
3911,17/09/2019,0.0,26.51,23.6,24104.736,2.2
3912,18/09/2019,0.2,26.5,23.6,26822.88,2.2
3913,19/09/2019,0.0,26.56,21.4,28269.216,2.4
3914,20/09/2019,0.0,26.63,19.2,29171.232,2.3
3915,21/09/2019,0.0,26.63,17.6,28086.912,2.2
3916,22/09/2019,7.2,26.54,18.0,23567.328,2.2
3917,23/09/2019,23.6,26.48,18.6,25481.952,2.4
3918,24/09/2019,0.2,26.53,18.7,25834.464,2.5
3919,25/09/2019,0.4,26.55,19.0,27363.744,2.4
3920,26/09/2019,0.0,26.61,20.4,26696.736,2.3
3921,27/09/2019,0.0,26.61,20.2,25756.704,2.3
3922,28/09/2019,0.0,26.62,21.4,26775.36,2.3
3923,29/09/2019,0.0,26.58,21.7,24563.52,2.3
3924,30/09/2019,0.0,26.58,21.7,26358.912,2.2
3925,01/10/2019,0.0,26.57,21.8,25024.032,2.2
3926,02/10/2019,23.0,26.56,17.8,27053.568,2.3
3927,03/10/2019,10.4,26.58,13.4,23983.776,2.4
3928,04/10/2019,0.0,26.63,14.0,26006.4,2.4
3929,05/10/2019,0.0,26.62,17.0,26519.616,2.3
3930,06/10/2019,0.0,26.61,18.1,24223.104,2.3
3931,07/10/2019,0.0,26.59,16.1,25403.328,2.3
3932,08/10/2019,0.0,26.71,16.7,27521.856,2.4
3933,09/10/2019,0.0,26.75,16.2,28289.088,2.3
3934,10/10/2019,0.0,26.75,20.3,28288.224,2.3
3935,11/10/2019,0.0,26.81,17.6,28768.608,2.3
3936,12/10/2019,0.0,26.84,17.0,29178.144,2.3
3937,13/10/2019,0.0,26.79,18.6,25943.328,2.3
3938,14/10/2019,0.0,26.78,16.4,25930.368,2.3
3939,15/10/2019,0.6,26.74,17.7,26517.888,2.3
3940,16/10/2019,0.0,26.73,17.5,25616.736,2.3
3941,17/10/2019,0.0,26.79,14.7,27391.392,2.3
3942,18/10/2019,0.0,26.84,15.0,28823.04,2.3
3943,19/10/2019,0.0,26.81,17.2,27007.776,2.3
3944,20/10/2019,0.0,26.81,17.3,26077.248,2.3
3945,21/10/2019,0.0,26.82,19.4,25813.728,2.3
3946,22/10/2019,0.0,26.84,17.8,27737.856,2.3
3947,23/10/2019,0.0,26.81,17.3,25537.248,2.3
3948,24/10/2019,0.0,26.8,16.1,25827.552,2.3
3949,25/10/2019,1.2,26.79,19.5,25167.456,2.3
3950,26/10/2019,0.0,26.85,17.1,26495.424,2.3
3951,27/10/2019,0.0,26.78,14.8,24875.424,2.3
3952,28/10/2019,0.0,26.76,14.5,25132.896,2.3
3953,29/10/2019,0.4,26.73,11.6,26279.424,2.3
3954,30/10/2019,7.6,26.78,17.8,24893.568,2.3
3955,31/10/2019,2.6,26.77,14.9,25411.968,2.3
3956,01/11/2019,0.1,26.76,15.5,24555.744,2.3
3957,02/11/2019,6.5,26.72,16.5,25104.384,2.4
3958,03/11/2019,0.2,26.68,10.0,25803.36,2.5
3959,04/11/2019,0.2,26.71,17.0,24555.744,2.6
3960,05/11/2019,25.2,26.69,17.4,24093.504,2.7
3961,06/11/2019,2.6,26.65,12.1,22667.904,3.0
3962,07/11/2019,1.0,26.72,11.8,26157.6,2.9
3963,08/11/2019,17.2,26.64,10.6,26477.28,2.8
3964,09/11/2019,3.4,26.69,10.5,28224.288,2.8
3965,10/11/2019,0.6,26.69,10.7,28812.672,2.7
3966,11/11/2019,4.6,26.68,11.3,27785.376,2.7
3967,12/11/2019,11.2,26.54,11.3,27956.448,2.6
3968,13/11/2019,0.6,26.6,11.6,27241.92,2.8
3969,14/11/2019,0.0,26.58,11.2,26731.296,2.8
3970,15/11/2019,19.0,26.46,13.2,24603.264,2.9
3971,16/11/2019,16.0,26.51,11.9,27721.44,3.2
3972,17/11/2019,19.0,26.45,10.8,25211.52,3.3
3973,18/11/2019,0.2,26.55,10.8,27945.216,3.2
3974,19/11/2019,0.6,26.61,11.2,26786.592,2.9
3975,20/11/2019,1.8,26.49,10.4,24605.856,2.8
3976,21/11/2019,0.0,26.55,10.5,27922.752,2.7
3977,22/11/2019,0.0,26.58,9.9,28790.208,2.7
3978,23/11/2019,0.0,26.54,12.4,29266.272,2.7
3979,24/11/2019,1.6,26.45,13.2,26462.592,2.6
3980,25/11/2019,0.0,26.45,14.4,27758.592,2.7
3981,26/11/2019,0.0,26.52,9.7,28071.36,2.7
3982,27/11/2019,8.6,26.49,12.0,28931.904,2.7
3983,28/11/2019,7.2,26.5,12.6,28653.696,2.7
3984,29/11/2019,0.8,26.52,5.0,28194.912,2.7
3985,30/11/2019,0.2,26.56,9.6,28791.072,2.7
3986,01/12/2019,0.0,26.55,8.2,29077.056,2.7
3987,02/12/2019,14.6,26.46,13.4,27002.592,2.7
3988,03/12/2019,0.0,26.45,0.0,25079.328,3.1
3989,04/12/2019,0.0,26.43,6.3,25418.016,2.9
3990,05/12/2019,0.0,26.38,4.6,23963.04,2.8
3991,06/12/2019,2.4,26.35,8.1,24610.176,2.7
3992,07/12/2019,0.0,26.31,10.5,24778.656,2.7
3993,08/12/2019,0.2,26.22,11.2,23362.56,2.7
3994,09/12/2019,0.2,26.18,11.5,25253.856,2.7
3995,10/12/2019,0.0,26.18,8.3,23547.456,2.7
3996,11/12/2019,0.0,26.18,6.2,24050.304,2.6
3997,12/12/2019,1.8,26.08,2.2,23502.528,2.6
3998,13/12/2019,3.8,25.95,5.7,22553.856,2.8
3999,14/12/2019,0.2,26.09,4.8,24326.784,3.0
4000,15/12/2019,0.0,26.18,10.1,24719.04,2.8
4001,16/12/2019,0.0,26.15,11.2,24541.056,2.8
4002,17/12/2019,0.0,26.16,9.8,25216.704,2.7
4003,18/12/2019,0.0,26.06,9.4,22468.32,2.7
4004,19/12/2019,4.2,25.94,8.0,20562.336,2.7
4005,20/12/2019,3.8,25.92,9.8,23150.016,2.7
4006,21/12/2019,14.6,25.84,13.7,24000.192,3.2
4007,22/12/2019,11.2,25.86,12.5,25946.784,3.7
4008,23/12/2019,0.0,25.97,9.8,23643.36,3.7
4009,24/12/2019,0.0,26.01,5.1,24229.152,3.3
4010,25/12/2019,0.0,25.82,7.7,19340.64,2.9
4011,26/12/2019,0.0,25.75,3.5,20043.072,2.8
4012,27/12/2019,0.0,25.85,4.4,22858.848,2.8
4013,28/12/2019,0.0,25.89,6.3,23588.928,2.8
4014,29/12/2019,0.0,25.82,0.0,22643.712,2.7
4015,30/12/2019,0.0,25.87,4.9,24729.408,2.7
4016,31/12/2019,0.0,25.87,2.3,25060.32,2.7
4017,01/01/2020,0.0,25.79,2.0,22939.2,2.6
4018,02/01/2020,0.0,25.73,2.2,23076.576,2.6
4019,03/01/2020,0.0,25.73,3.5,23459.328,2.6
4020,04/01/2020,0.0,25.68,6.5,24609.312,2.6
4021,05/01/2020,0.2,25.71,5.4,23187.168,2.6
4022,06/01/2020,0.0,25.62,5.0,21777.984,2.6
4023,07/01/2020,0.0,25.63,1.4,23864.544,2.6
4024,08/01/2020,0.0,25.63,7.4,24133.248,2.5
4025,09/01/2020,0.0,25.71,1.8,27594.432,2.5
4026,10/01/2020,0.0,25.7,2.4,26441.856,2.5
4027,11/01/2020,0.0,25.68,3.9,25925.184,2.5
4028,12/01/2020,0.0,25.65,4.7,25564.032,2.5
4029,13/01/2020,0.0,25.63,2.2,25920.0,2.5
4030,14/01/2020,0.0,25.63,3.8,26207.712,2.5
4031,15/01/2020,0.0,25.62,6.1,27690.336,2.5
4032,16/01/2020,0.0,25.56,2.0,26809.92,2.5
4033,17/01/2020,0.2,25.54,2.1,29122.848,2.5
4034,18/01/2020,5.8,25.48,7.7,29462.4,2.5
4035,19/01/2020,0.2,25.48,8.1,29297.376,2.5
4036,20/01/2020,0.0,25.6,7.5,30875.904,2.5
4037,21/01/2020,0.0,25.58,6.3,27600.48,2.4
4038,22/01/2020,0.0,25.55,4.3,30528.576,2.4
4039,23/01/2020,0.0,25.5,3.0,29917.728,2.4
4040,24/01/2020,0.0,25.45,4.0,28872.288,2.4
4041,25/01/2020,8.8,25.37,8.9,27367.2,2.5
4042,26/01/2020,0.0,25.54,7.2,31781.376,2.5
4043,27/01/2020,0.0,25.46,8.2,29249.856,2.5
4044,28/01/2020,0.0,25.31,11.4,28341.792,2.5
4045,29/01/2020,0.0,25.31,10.8,28537.92,2.5
4046,30/01/2020,0.0,25.43,10.0,29805.408,2.4
4047,31/01/2020,0.2,25.45,11.0,30332.448,2.5
4048,01/02/2020,0.0,25.36,11.8,29003.616,2.5
4049,02/02/2020,0.0,25.39,13.4,29735.424,2.4
4050,03/02/2020,0.0,25.32,13.1,28641.6,2.4
4051,04/02/2020,1.6,25.31,10.5,30734.208,2.4
4052,05/02/2020,0.4,25.43,6.1,28298.592,2.4
4053,06/02/2020,0.0,25.42,6.5,27106.272,2.4
4054,07/02/2020,0.0,25.42,2.9,29257.632,2.4
4055,08/02/2020,0.0,25.4,3.7,28269.216,2.4
4056,09/02/2020,0.0,25.37,6.2,28430.784,2.4
4057,10/02/2020,0.0,25.24,11.7,27240.192,2.5
4058,11/02/2020,0.0,25.22,13.8,27520.128,2.4
4059,12/02/2020,0.0,25.26,10.5,28256.256,2.4
4060,13/02/2020,0.0,25.29,8.2,27879.552,2.4
4061,14/02/2020,8.4,25.21,11.3,27908.928,2.5
4062,15/02/2020,0.0,25.34,7.5,29349.216,2.5
4063,16/02/2020,0.0,25.33,7.4,28388.448,2.4
4064,17/02/2020,0.0,25.23,8.0,26656.128,2.4
4065,18/02/2020,0.0,25.15,10.3,26710.56,2.4
4066,19/02/2020,0.0,25.16,8.8,27841.536,2.4
4067,20/02/2020,0.0,25.19,7.9,27275.616,2.4
4068,21/02/2020,0.0,25.19,6.3,28172.448,2.4
4069,22/02/2020,0.0,25.26,8.3,29072.736,2.4
4070,23/02/2020,0.0,25.22,8.2,27829.44,2.4
4071,24/02/2020,0.0,25.14,10.1,28467.072,2.4
4072,25/02/2020,0.0,25.1,13.0,28089.504,2.4
4073,26/02/2020,2.8,25.07,10.5,28654.56,2.4
4074,27/02/2020,0.2,25.17,7.5,29053.728,2.4
4075,28/02/2020,5.2,25.17,10.1,28562.112,2.5
4076,29/02/2020,0.0,25.23,7.1,29863.296,2.5
4077,01/03/2020,12.2,25.07,11.4,26955.072,2.5
4078,02/03/2020,13.4,25.07,11.4,27576.288,2.8
4079,03/03/2020,9.4,24.98,9.2,27838.08,3.2
4080,04/03/2020,1.0,25.07,6.6,28987.2,3.2
4081,05/03/2020,0.2,25.06,7.4,28837.728,2.9
4082,06/03/2020,29.4,24.96,10.7,27940.896,3.1
4083,07/03/2020,0.6,25.06,8.5,29584.224,3.1
4084,08/03/2020,0.0,25.12,8.7,28822.176,2.9
4085,09/03/2020,0.0,25.04,7.3,28701.216,2.8
4086,10/03/2020,0.0,25.13,10.2,28890.432,2.8
4087,11/03/2020,0.0,25.14,11.2,28323.648,2.7
4088,12/03/2020,0.0,25.07,10.8,26349.408,2.7
4089,13/03/2020,0.0,24.93,11.0,26373.6,2.7
4090,14/03/2020,0.0,25.0,11.8,26517.024,2.6
4091,15/03/2020,0.0,25.04,11.1,27298.08,2.6
4092,16/03/2020,0.0,25.08,9.8,28016.064,2.6
4093,17/03/2020,0.0,25.04,10.6,26082.432,2.6
4094,18/03/2020,0.0,24.98,10.9,26409.024,2.6
4095,19/03/2020,0.0,24.93,12.8,26656.128,2.6
4096,20/03/2020,0.0,24.99,13.1,27409.536,2.5
4097,21/03/2020,0.0,24.88,13.2,26306.208,2.5
4098,22/03/2020,0.0,24.9,11.9,26604.288,2.5
4099,23/03/2020,0.0,24.95,5.2,25949.376,2.5
4100,24/03/2020,1.2,24.79,2.8,23393.664,2.5
4101,25/03/2020,2.4,24.66,3.6,23150.88,2.5
4102,26/03/2020,0.0,24.62,7.2,23510.304,2.5
4103,27/03/2020,0.0,24.67,10.6,24760.512,2.8
4104,28/03/2020,0.0,24.79,12.3,25966.656,2.9
4105,29/03/2020,0.0,25.18253355704698,11.8,27457.056,2.8
4106,30/03/2020,0.0,25.18253355704698,12.1,26574.048,2.7
4107,31/03/2020,0.4,25.18253355704698,7.3,23040.288,2.7
4108,01/04/2020,0.0,25.18253355704698,6.0,23087.808,2.6
4109,02/04/2020,0.0,24.72,7.0,26639.712,2.6
4110,03/04/2020,0.0,24.74,8.9,27245.376,2.6
4111,04/04/2020,0.0,24.79,12.2,27173.664,2.6
4112,05/04/2020,0.0,24.85,13.4,27168.48,2.5
4113,06/04/2020,0.0,24.88,13.7,27765.504,2.5
4114,07/04/2020,0.0,24.87,13.2,26318.304,2.5
4115,08/04/2020,0.0,24.83,13.6,26587.872,2.5
4116,09/04/2020,0.0,24.86,13.0,28115.424,2.5
4117,10/04/2020,0.0,24.88,14.4,27852.768,2.5
4118,11/04/2020,0.0,24.93,15.7,28697.76,2.5
4119,12/04/2020,0.0,24.96,16.0,28938.816,2.5
4120,13/04/2020,0.0,24.89,15.6,26549.856,2.5
4121,14/04/2020,0.0,24.77,13.5,24944.544,2.5
4122,15/04/2020,0.0,24.91,11.4,24479.712,2.4
4123,16/04/2020,0.0,24.87,12.7,20716.128,2.4
4124,17/04/2020,0.0,24.9,15.1,21868.704,2.4
4125,18/04/2020,0.0,24.92,16.9,22259.232,2.4
4126,19/04/2020,0.0,24.9,18.2,22689.504,2.4
4127,20/04/2020,16.8,24.8,15.5,21678.624,2.5
4128,21/04/2020,1.2,24.64,13.7,19958.4,2.5
4129,22/04/2020,2.0,24.64,13.3,20500.992,2.5
4130,23/04/2020,0.0,24.68,15.5,21428.928,2.4
4131,24/04/2020,0.0,24.73,14.7,23786.784,2.4
4132,25/04/2020,0.0,24.75,15.9,24458.112,2.4
4133,26/04/2020,0.0,24.77,16.0,25655.616,2.4
4134,27/04/2020,0.0,24.81,16.8,25718.688,2.4
4135,28/04/2020,18.2,24.75,14.7,22009.536,2.4
4136,29/04/2020,3.4,24.68,17.0,22358.592,2.8
4137,30/04/2020,0.0,24.7,16.9,22384.512,2.9
4138,01/05/2020,0.0,24.67,17.7,22184.928,2.7
4139,02/05/2020,0.6,24.65,18.4,22110.624,2.6
4140,03/05/2020,0.0,24.7,17.5,23290.848,2.6
4141,04/05/2020,0.0,24.77,17.1,25717.824,2.5
4142,05/05/2020,0.0,24.77,17.8,24194.592,2.5
4143,06/05/2020,0.0,24.68,17.7,22965.984,2.5
4144,07/05/2020,0.0,24.76,17.6,24349.248,2.5
4145,08/05/2020,0.0,24.74,17.6,23690.016,2.5
4146,09/05/2020,0.0,24.78,18.5,25353.216,2.5
4147,10/05/2020,0.0,24.72,20.0,23385.888,2.4
4148,11/05/2020,0.0,24.67,19.9,24053.76,2.4
4149,12/05/2020,0.6,24.67,19.5,21586.176,2.4
4150,13/05/2020,0.0,24.66,20.6,22310.208,2.5
4151,14/05/2020,0.0,24.68,23.4,22894.272,2.4
4152,15/05/2020,0.0,24.73,19.9,23233.824,2.4
4153,16/05/2020,0.8,24.72,17.4,22360.32,2.4
4154,17/05/2020,0.0,24.66,23.5,21607.776,2.4
4155,18/05/2020,0.0,24.68,19.9,23195.808,2.4
4156,19/05/2020,10.8,24.65,20.6,22284.288,2.4
4157,20/05/2020,10.6,24.58,16.1,19410.624,2.6
4158,21/05/2020,0.0,24.72,19.0,25564.032,2.7
4159,22/05/2020,0.0,24.68,20.2,23598.432,2.5
4160,23/05/2020,0.0,24.77,22.1,27059.616,2.5
4161,24/05/2020,0.0,24.78,21.2,26885.088,2.4
4162,25/05/2020,0.0,24.8,20.2,28784.16,2.4
4163,26/05/2020,0.0,24.86,17.6,27560.736,2.4
4164,27/05/2020,0.0,24.89,17.4,27964.224,2.4
4165,28/05/2020,0.0,24.86,17.2,27740.448,2.4
4166,29/05/2020,22.0,24.66,13.2,22097.664,2.4
4167,30/05/2020,0.2,24.6,15.9,24740.64,2.5
4168,31/05/2020,0.0,24.66,16.7,25050.816,2.4
4169,01/06/2020,0.0,24.7,18.0,25880.256,2.4
4170,02/06/2020,0.0,24.69,19.6,26415.072,2.4
4171,03/06/2020,2.4,24.71,19.9,27212.544,2.4
4172,04/06/2020,2.0,24.61,19.2,24296.544,2.4
4173,05/06/2020,14.4,24.58,17.3,25828.416,2.6
4174,06/06/2020,0.2,24.67,20.1,25515.648,2.5
4175,07/06/2020,0.6,24.61,20.8,24317.28,2.4
4176,08/06/2020,19.8,24.62,17.8,23680.512,2.9
4177,09/06/2020,1.2,24.71,18.4,25068.96,2.9
4178,10/06/2020,8.0,24.67,17.9,23262.336,2.7
4179,11/06/2020,4.0,24.76,17.1,26930.88,2.8
4180,12/06/2020,0.0,24.81,19.3,28296.864,2.7
4181,13/06/2020,0.0,24.79,20.7,27559.872,2.6
4182,14/06/2020,10.0,24.71,17.8,25834.464,2.8
4183,15/06/2020,4.2,24.69,18.0,28669.156619342542,2.9
4184,16/06/2020,1.6,24.77,20.5,28353.024,2.8
4185,17/06/2020,0.2,24.73,21.0,26180.064,2.8
4186,18/06/2020,0.0,24.72,21.0,26422.848,2.7
4187,19/06/2020,0.8,24.74,21.8,26962.848,2.7
4188,20/06/2020,0.0,24.8,20.8,29633.472,2.6
4189,21/06/2020,0.6,24.82,19.6,27689.472,2.6
4190,22/06/2020,0.0,24.83,22.7,27432.864,2.6
4191,23/06/2020,0.0,24.88,23.5,28360.8,2.5
4192,24/06/2020,0.0,24.97,24.2,29708.64,2.5
4193,25/06/2020,0.0,25.07,25.3,30923.424,2.5
4194,26/06/2020,0.0,25.07,25.7,29930.688,2.5
4195,27/06/2020,0.0,25.11,26.2,31332.96,2.4
4196,28/06/2020,0.0,25.19,26.9,32120.928,2.4
4197,29/06/2020,0.0,25.18,26.9,30602.88,2.4
4198,30/06/2020,0.0,25.25,27.3,31878.144,2.4
